name,image_url,local_image_path
All Honkai Star Rail Characters,https://cdn.prydwen.gg/images/honkai-star-rail/categories/category_characters.webp,prydwen_assets\characters\all_honkai_star_rail_characters.png
Acheron,https://cdn.prydwen.gg/images/honkai-star-rail/characters/acheron_card.webp,prydwen_assets\characters\acheron.png
Aglaea,https://cdn.prydwen.gg/images/honkai-star-rail/characters/aglaea_card.webp,prydwen_assets\characters\aglaea.png
Anaxa,https://cdn.prydwen.gg/images/honkai-star-rail/characters/anaxa_card.webp,prydwen_assets\characters\anaxa.png
Archer,https://cdn.prydwen.gg/images/honkai-star-rail/characters/archer_card.webp,prydwen_assets\characters\archer.png
Argenti,https://cdn.prydwen.gg/images/honkai-star-rail/characters/argenti_card.webp,prydwen_assets\characters\argenti.png
Arlan,https://cdn.prydwen.gg/images/honkai-star-rail/characters/arlan_card.webp,prydwen_assets\characters\arlan.png
Ashveil,https://cdn.prydwen.gg/images/honkai-star-rail/characters/ashveil_card.webp,prydwen_assets\characters\ashveil.png
Asta,https://cdn.prydwen.gg/images/honkai-star-rail/characters/asta_card.webp,prydwen_assets\characters\asta.png
Aventurine,https://cdn.prydwen.gg/images/honkai-star-rail/characters/aventurine_card.webp,prydwen_assets\characters\aventurine.png
Aventurine Waveflair4.5,https://cdn.prydwen.gg/images/honkai-star-rail/characters/aventurine-waveflair_card.webp,prydwen_assets\characters\aventurine_waveflair4.5.png
Bailu,https://cdn.prydwen.gg/images/honkai-star-rail/characters/bailu_card.webp,prydwen_assets\characters\bailu.png
Black Swan,https://cdn.prydwen.gg/images/honkai-star-rail/characters/black-swan_card.webp,prydwen_assets\characters\black_swan.png
Blade,https://cdn.prydwen.gg/images/honkai-star-rail/characters/blade_card.webp,prydwen_assets\characters\blade.png
Boothill,https://cdn.prydwen.gg/images/honkai-star-rail/characters/boothill_card.webp,prydwen_assets\characters\boothill.png
Bronya,https://cdn.prydwen.gg/images/honkai-star-rail/characters/bronya_card.webp,prydwen_assets\characters\bronya.png
Castorice,https://cdn.prydwen.gg/images/honkai-star-rail/characters/castorice_card.webp,prydwen_assets\characters\castorice.png
Cerydra,https://cdn.prydwen.gg/images/honkai-star-rail/characters/cerydra_card.webp,prydwen_assets\characters\cerydra.png
Cipher,https://cdn.prydwen.gg/images/honkai-star-rail/characters/cipher_card.webp,prydwen_assets\characters\cipher.png
Clara,https://cdn.prydwen.gg/images/honkai-star-rail/characters/clara_card.webp,prydwen_assets\characters\clara.png
Cyrene,https://cdn.prydwen.gg/images/honkai-star-rail/characters/cyrene_card.webp,prydwen_assets\characters\cyrene.png
Dan Heng,https://cdn.prydwen.gg/images/honkai-star-rail/characters/dan-heng_card.webp,prydwen_assets\characters\dan_heng.png
Dan Heng • Imbibitor Lunae,https://cdn.prydwen.gg/images/honkai-star-rail/characters/imbibitor-lunae_card.webp,prydwen_assets\characters\dan_heng_•_imbibitor_lunae.png
Dan Heng • Permansor Terrae,https://cdn.prydwen.gg/images/honkai-star-rail/characters/dan-heng-permansor-terrae_card.webp,prydwen_assets\characters\dan_heng_•_permansor_terrae.png
Dr. Ratio,https://cdn.prydwen.gg/images/honkai-star-rail/characters/dr-ratio_card.webp,prydwen_assets\characters\dr._ratio.png
Evanescia,https://cdn.prydwen.gg/images/honkai-star-rail/characters/evanescia_card.webp,prydwen_assets\characters\evanescia.png
Feixiao,https://cdn.prydwen.gg/images/honkai-star-rail/characters/feixiao_card.webp,prydwen_assets\characters\feixiao.png
Firefly,https://cdn.prydwen.gg/images/honkai-star-rail/characters/firefly_card.webp,prydwen_assets\characters\firefly.png
Fu Xuan,https://cdn.prydwen.gg/images/honkai-star-rail/characters/fu-xuan_card.webp,prydwen_assets\characters\fu_xuan.png
Gallagher,https://cdn.prydwen.gg/images/honkai-star-rail/characters/gallagher_card.webp,prydwen_assets\characters\gallagher.png
Gepard,https://cdn.prydwen.gg/images/honkai-star-rail/characters/gepard_card.webp,prydwen_assets\characters\gepard.png
Gilgamesh,https://cdn.prydwen.gg/images/honkai-star-rail/characters/gilgamesh_card.webp,prydwen_assets\characters\gilgamesh.png
Guinaifen,https://cdn.prydwen.gg/images/honkai-star-rail/characters/guinaifen_card.webp,prydwen_assets\characters\guinaifen.png
Hanya,https://cdn.prydwen.gg/images/honkai-star-rail/characters/hanya_card.webp,prydwen_assets\characters\hanya.png
Herta,https://cdn.prydwen.gg/images/honkai-star-rail/characters/herta_card.webp,prydwen_assets\characters\herta.png
Himeko,https://cdn.prydwen.gg/images/honkai-star-rail/characters/himeko_card.webp,prydwen_assets\characters\himeko.png
Himeko Nova,https://cdn.prydwen.gg/images/honkai-star-rail/characters/himeko-nova_card.webp,prydwen_assets\characters\himeko_nova.png
Hook,https://cdn.prydwen.gg/images/honkai-star-rail/characters/hook_card.webp,prydwen_assets\characters\hook.png
Huohuo,https://cdn.prydwen.gg/images/honkai-star-rail/characters/huohuo_card.webp,prydwen_assets\characters\huohuo.png
Hyacine,https://cdn.prydwen.gg/images/honkai-star-rail/characters/hyacine_card.webp,prydwen_assets\characters\hyacine.png
Hysilens,https://cdn.prydwen.gg/images/honkai-star-rail/characters/hysilens_card.webp,prydwen_assets\characters\hysilens.png
Jade,https://cdn.prydwen.gg/images/honkai-star-rail/characters/jade_card.webp,prydwen_assets\characters\jade.png
Jiaoqiu,https://cdn.prydwen.gg/images/honkai-star-rail/characters/jiaoqiu_card.webp,prydwen_assets\characters\jiaoqiu.png
Jing Yuan,https://cdn.prydwen.gg/images/honkai-star-rail/characters/jing-yuan_card.webp,prydwen_assets\characters\jing_yuan.png
Jingliu,https://cdn.prydwen.gg/images/honkai-star-rail/characters/jingliu_card.webp,prydwen_assets\characters\jingliu.png
Kafka,https://cdn.prydwen.gg/images/honkai-star-rail/characters/kafka_card.webp,prydwen_assets\characters\kafka.png
Lingsha,https://cdn.prydwen.gg/images/honkai-star-rail/characters/lingsha_card.webp,prydwen_assets\characters\lingsha.png
Luka,https://cdn.prydwen.gg/images/honkai-star-rail/characters/luka_card.webp,prydwen_assets\characters\luka.png
Luocha,https://cdn.prydwen.gg/images/honkai-star-rail/characters/luocha_card.webp,prydwen_assets\characters\luocha.png
Lynx,https://cdn.prydwen.gg/images/honkai-star-rail/characters/lynx_card.webp,prydwen_assets\characters\lynx.png
March 7th,https://cdn.prydwen.gg/images/honkai-star-rail/characters/march-7th_card.webp,prydwen_assets\characters\march_7th.png
March 7th • Evernight,https://cdn.prydwen.gg/images/honkai-star-rail/characters/march-7th-evernight_card.webp,prydwen_assets\characters\march_7th_•_evernight.png
March 7th • The Hunt,https://cdn.prydwen.gg/images/honkai-star-rail/characters/march-7th-swordmaster_card.webp,prydwen_assets\characters\march_7th_•_the_hunt.png
Misha,https://cdn.prydwen.gg/images/honkai-star-rail/characters/misha_card.webp,prydwen_assets\characters\misha.png
Mortenax Blade,https://cdn.prydwen.gg/images/honkai-star-rail/characters/blade-mortenax_card.webp,prydwen_assets\characters\mortenax_blade.png
Moze,https://cdn.prydwen.gg/images/honkai-star-rail/characters/moze_card.webp,prydwen_assets\characters\moze.png
Mydei,https://cdn.prydwen.gg/images/honkai-star-rail/characters/mydei_card.webp,prydwen_assets\characters\mydei.png
Natasha,https://cdn.prydwen.gg/images/honkai-star-rail/characters/natasha_card.webp,prydwen_assets\characters\natasha.png
Pearl4.6,https://cdn.prydwen.gg/images/honkai-star-rail/characters/pearl_card.webp,prydwen_assets\characters\pearl4.6.png
Pela,https://cdn.prydwen.gg/images/honkai-star-rail/characters/pela_card.webp,prydwen_assets\characters\pela.png
Phainon,https://cdn.prydwen.gg/images/honkai-star-rail/characters/phainon_card.webp,prydwen_assets\characters\phainon.png
Qingque,https://cdn.prydwen.gg/images/honkai-star-rail/characters/qingque_card.webp,prydwen_assets\characters\qingque.png
Rappa,https://cdn.prydwen.gg/images/honkai-star-rail/characters/rappa_card.webp,prydwen_assets\characters\rappa.png
Rin Tohsaka,https://cdn.prydwen.gg/images/honkai-star-rail/characters/rin-tohsaka_card.webp,prydwen_assets\characters\rin_tohsaka.png
Robin,https://cdn.prydwen.gg/images/honkai-star-rail/characters/robin_card.webp,prydwen_assets\characters\robin.png
Robin SummerettoNew,https://cdn.prydwen.gg/images/honkai-star-rail/characters/robin-summeretto_card.webp,prydwen_assets\characters\robin_summerettonew.png
Ruan Mei,https://cdn.prydwen.gg/images/honkai-star-rail/characters/ruan-mei_card.webp,prydwen_assets\characters\ruan_mei.png
Saber,https://cdn.prydwen.gg/images/honkai-star-rail/characters/saber_card.webp,prydwen_assets\characters\saber.png
Sampo,https://cdn.prydwen.gg/images/honkai-star-rail/characters/sampo_card.webp,prydwen_assets\characters\sampo.png
Seele,https://cdn.prydwen.gg/images/honkai-star-rail/characters/seele_card.webp,prydwen_assets\characters\seele.png
Serval,https://cdn.prydwen.gg/images/honkai-star-rail/characters/serval_card.webp,prydwen_assets\characters\serval.png
Silver Wolf,https://cdn.prydwen.gg/images/honkai-star-rail/characters/silver-wolf_card.webp,prydwen_assets\characters\silver_wolf.png
Silver Wolf • Lv. 999,https://cdn.prydwen.gg/images/honkai-star-rail/characters/silver-wolf-lv-999_card.webp,prydwen_assets\characters\silver_wolf_•_lv._999.png
Sparkle,https://cdn.prydwen.gg/images/honkai-star-rail/characters/sparkle_card.webp,prydwen_assets\characters\sparkle.png
Sparxie,https://cdn.prydwen.gg/images/honkai-star-rail/characters/sparxie_card.webp,prydwen_assets\characters\sparxie.png
Sunday,https://cdn.prydwen.gg/images/honkai-star-rail/characters/sunday_card.webp,prydwen_assets\characters\sunday.png
Sushang,https://cdn.prydwen.gg/images/honkai-star-rail/characters/sushang_card.webp,prydwen_assets\characters\sushang.png
The Dahlia,https://cdn.prydwen.gg/images/honkai-star-rail/characters/the-dahlia_card.webp,prydwen_assets\characters\the_dahlia.png
The Herta,https://cdn.prydwen.gg/images/honkai-star-rail/characters/the-herta_card.webp,prydwen_assets\characters\the_herta.png
Tingyun,https://cdn.prydwen.gg/images/honkai-star-rail/characters/tingyun_card.webp,prydwen_assets\characters\tingyun.png
Tingyun • Fugue,https://cdn.prydwen.gg/images/honkai-star-rail/characters/tingyun-fugue_card.webp,prydwen_assets\characters\tingyun_•_fugue.png
Topaz & Numby,https://cdn.prydwen.gg/images/honkai-star-rail/characters/topaz_card.webp,prydwen_assets\characters\topaz_&_numby.png
Trailblazer • Destruction,https://cdn.prydwen.gg/images/honkai-star-rail/characters/trailblazer-destruction_card.webp,prydwen_assets\characters\trailblazer_•_destruction.png
Trailblazer • Elation,https://cdn.prydwen.gg/images/honkai-star-rail/characters/trailblazer-elation_card.webp,prydwen_assets\characters\trailblazer_•_elation.png
Trailblazer • Harmony,https://cdn.prydwen.gg/images/honkai-star-rail/characters/trailblazer-harmony_card.webp,prydwen_assets\characters\trailblazer_•_harmony.png
Trailblazer • Preservation,https://cdn.prydwen.gg/images/honkai-star-rail/characters/trailblazer-preservation_card.webp,prydwen_assets\characters\trailblazer_•_preservation.png
Trailblazer • Remembrance,https://cdn.prydwen.gg/images/honkai-star-rail/characters/trailblazer-remembrance_card.webp,prydwen_assets\characters\trailblazer_•_remembrance.png
Tribbie,https://cdn.prydwen.gg/images/honkai-star-rail/characters/tribbie_card.webp,prydwen_assets\characters\tribbie.png
Welt,https://cdn.prydwen.gg/images/honkai-star-rail/characters/welt_card.webp,prydwen_assets\characters\welt.png
Xueyi,https://cdn.prydwen.gg/images/honkai-star-rail/characters/xueyi_card.webp,prydwen_assets\characters\xueyi.png
Yanqing,https://cdn.prydwen.gg/images/honkai-star-rail/characters/yanqing_card.webp,prydwen_assets\characters\yanqing.png
Yao Guang,https://cdn.prydwen.gg/images/honkai-star-rail/characters/yao-guang_card.webp,prydwen_assets\characters\yao_guang.png
Yukong,https://cdn.prydwen.gg/images/honkai-star-rail/characters/yukong_card.webp,prydwen_assets\characters\yukong.png
Yunli,https://cdn.prydwen.gg/images/honkai-star-rail/characters/yunli_card.webp,prydwen_assets\characters\yunli.png
