character,slug,trace_type,trace_name,description
Acheron Best Build Guide | Honkai: Star Rail,acheron,A2,Major trace,"Red Oni When battle starts, immediately gains 5 point(s) of Slashed Dream and applies 5 stack(s) of Crimson Knot to a random enemy. When Slashed Dream reaches its upper limit, for every point of Slashed Dream that exceeds the limit, gains 1 stack of Quadrivalent Ascendance. Increases the maximum stackable count for Quadrivalent Ascendance to 3 ."
Acheron Best Build Guide | Honkai: Star Rail,acheron,A4,Major trace,"The Abyss When there are 1 or 2 Nihility characters other than Acheron in the team, the DMG dealt by Acheron's Basic ATK, Skill, and Ultimate increases to 115% or 160% of the original DMG respectively."
Acheron Best Build Guide | Honkai: Star Rail,acheron,A6,Major trace,"Thunder Core When the Rainblade from Acheron's Ultimate hits enemy targets with Crimson Knot, her DMG increases by 30% , stacking up to 3 time(s) and lasting for 3 turn(s). And when Stygian Resurge triggers, additionally deals DMG for 6 times. Each time deals Lightning DMG equal to 25% of Acheron's ATK to a single random enemy and is viewed as part of the Ultimate DMG."
Aglaea Best Build Guide | Honkai: Star Rail,aglaea,A2,Major trace,"The Myopic's Doom While in Supreme Stance, increases Aglaea's and Garmentmaker's ATK by an amount equal to 720% of Aglaea's SPD plus 360% of Garmentmaker's SPD."
Aglaea Best Build Guide | Honkai: Star Rail,aglaea,A4,Major trace,"Last Thread of Fate When Garmentmaker disappears, up to 1 stack(s) of the SPD Boost from the Memosprite Talent can be retained. When Garmentmaker is summoned again, gains the corresponding number of SPD Boost stacks."
Aglaea Best Build Guide | Honkai: Star Rail,aglaea,A6,Major trace,"The Speeding Sol At the start of battle, if this unit's Energy is lower than 50%, regenerates this unit's Energy to 50% ."
Anaxa Best Build Guide | Honkai: Star Rail,anaxa,A2,Major trace,"Roaming Signifier When using Basic ATK, additionally regenerates 10 Energy. At the start of the turn, if there are no enemy targets in the ""Qualitative Disclosure"" state, immediately regenerates 30 Energy."
Anaxa Best Build Guide | Honkai: Star Rail,anaxa,A4,Major trace,"Imperative Hiatus Based on the number of ""Erudition"" characters in the team, one of the following effects will be triggered in the current battle: 1 character: Increases Anaxa's CRIT DMG by 140% . At least 2 characters: Increases DMG dealt by all allies by 50% ."
Anaxa Best Build Guide | Honkai: Star Rail,anaxa,A6,Major trace,"Qualitative Shift For every 1 different Weakness Type an enemy target has, the DMG that Anaxa deals to that target ignores 4% of their DEF. Up to a max of 7 Weakness Types can be taken into account for this effect."
Archer Best Build Guide | Honkai: Star Rail,archer,A2,Major trace,"Projection Magecraft When Archer is on the field, increases the maximum Skill Point limit by 2 ."
Archer Best Build Guide | Honkai: Star Rail,archer,A4,Major trace,"Hero of Justice When Archer enters battle, gains 1 Charge."
Archer Best Build Guide | Honkai: Star Rail,archer,A6,Major trace,"Guardian After allies gain a Skill Point, if there are 4 Skill Points or more, increases Archer's CRIT DMG by 120% for 1 turn(s)."
Argenti Best Build Guide | Honkai: Star Rail,argenti,A2,Major trace,"Piety At the start of a turn, immediately gains 1 stack(s) of Apotheosis."
Argenti Best Build Guide | Honkai: Star Rail,argenti,A4,Major trace,"Generosity When enemy targets enter battle, immediately regenerates 2 Energy for self."
Argenti Best Build Guide | Honkai: Star Rail,argenti,A6,Major trace,Courage Deals 15% more DMG to enemies whose HP percentage is 50% or less.
Arlan Best Build Guide | Honkai: Star Rail,arlan,A2,Major trace,"Revival If the current HP percentage is 30% or lower when defeating an enemy, immediately restores HP equal to 20% of Max HP."
Arlan Best Build Guide | Honkai: Star Rail,arlan,A4,Major trace,Endurance The chance to resist DoT Debuffs increases by 50% .
Arlan Best Build Guide | Honkai: Star Rail,arlan,A6,Major trace,"Repel Upon entering battle, if Arlan's HP is less than or equal to 50%, he can nullify all DMG received except for DoT until after he is attacked."
Ashveil Best Build Guide | Honkai: Star Rail,ashveil,A2,Major trace,"Damnation Trail When Ashveil uses Skill/Ultimate, gains 1/2 stacks of Gluttony. During Ashveil's Follow-Up ATK, for every 1 enemy(ies) suffer a killing blow, Ashveil gains 1 stack(s) of Gluttony."
Ashveil Best Build Guide | Honkai: Star Rail,ashveil,A4,Major trace,"Phantom Limb DMG dealt by Ashveil's Follow-Up ATK increases by 80% . And for every 1 stack(s) of Gluttony in possession, DMG dealt by Follow-Up ATK additionally increases by 10% ."
Ashveil Best Build Guide | Honkai: Star Rail,ashveil,A6,Major trace,"First Fang While Ashveil is on the field, CRIT DMG dealt by ally targets increases by 40% , and CRIT DMG dealt by ally target's Follow-Up ATK additionally increases by 80% ."
Asta Best Build Guide | Honkai: Star Rail,asta,A2,Major trace,"Sparks Asta's Basic ATK has a 80% base chance to Burn enemies for 3 turn(s), making the enemy take Fire DoT equal to 50% of Asta's Basic ATK DMG at the start of each turn."
Asta Best Build Guide | Honkai: Star Rail,asta,A4,Major trace,"Ignite When Asta is on the field, all allies' Fire DMG increases by 18% ."
Asta Best Build Guide | Honkai: Star Rail,asta,A6,Major trace,Constellation Asta's DEF increases by 6% for every current Charging stack she possesses.
Aventurine Best Build Guide | Honkai: Star Rail,aventurine,A2,Major trace,"Leverage For every 100 of Aventurine's DEF that exceeds 1600 , increases his own CRIT Rate by 2% , up to a maximum increase of 48% ."
Aventurine Best Build Guide | Honkai: Star Rail,aventurine,A4,Major trace,"Hot Hand When battle starts, grants all allies a Fortified Wager shield, whose Shield effect is equal to 100% of the one provided by the Skill, lasting for 3 turn(s)."
Aventurine Best Build Guide | Honkai: Star Rail,aventurine,A6,Major trace,"Bingo! After an ally with Fortified Wager launches a follow-up attack, Aventurine accumulates 1 Blind Bet point. This effect can trigger up to 3 time(s). And its trigger count resets at the start of Aventurine's turn. After Aventurine launches his Talent's follow-up attack, provides all allies with a Fortified Wager that can block DMG equal to 7.2% of Aventurine's DEF plus 96 , and additionally grants a Fortified Wager that can block DMG equal to 7.2% of Aventurine's DEF plus 96 to the ally with the lowest Shield effect, lasting for 3 turns."
Bailu Best Build Guide | Honkai: Star Rail,bailu,A2,Major trace,"Qihuang Analects When Bailu heals a target ally above their normal Max HP, the target's Max HP increases by 10% for 2 turns."
Bailu Best Build Guide | Honkai: Star Rail,bailu,A4,Major trace,Vidyadhara Ichor Lines Invigoration can trigger 1 more time(s).
Bailu Best Build Guide | Honkai: Star Rail,bailu,A6,Major trace,Aquatic Benediction Characters with Invigoration receive 10% less DMG.
Black Swan Best Build Guide | Honkai: Star Rail,black-swan,A2,Major trace,"Viscera's Disquiet When an enemy target gets attacked by Black Swan, there is a 65% base chance of inflicting 5 stack(s) of Arcana on them."
Black Swan Best Build Guide | Honkai: Star Rail,black-swan,A4,Major trace,"Goblet's Dredges When an enemy targets enters combat, there is a 65% base chance for it to be inflicted with 1 stack of Arcana, and a 100% base chance to be inflicted with the DEF reduction effect from the Skill, which lasts for 3 turn(s). After using Basic ATK or Ultimate, there is also a 100% base chance to inflict the DEF reduction effect from the Skill on the hit enemy targets, which lasts for 3 turn(s)."
Black Swan Best Build Guide | Honkai: Star Rail,black-swan,A6,Major trace,"Candleflame's Portent Increases the DMG dealt by all allies by an amount equal to 60% of Black Swan's Effect Hit Rate, up to a maximum DMG increase of 72% ."
Mortenax Blade Best Build Guide | Honkai: Star Rail,blade-mortenax,A2,Major trace,"Bone, Hardened ad Nauseam Mortenax Blade can accumulate up to 80 Energy overflow. After using Ultimate, the Energy overflow is cleared and a corresponding amount of Energy is regenerated. When the battle starts or when the Zone is dispelled, if Energy is below 75% , it is immediately regenerated to 75% ."
Mortenax Blade Best Build Guide | Honkai: Star Rail,blade-mortenax,A4,Major trace,"Soul, Tempered ad Mortem While the Zone is active, increases the chance of being attacked by enemies, decreases DMG taken by this unit by 50% , and increases Incoming Healing by 50% . After being attacked, inflicts the ""Balefire Bind"" state on the attacker, and Mortenax Blade gains 1 Charge."
Mortenax Blade Best Build Guide | Honkai: Star Rail,blade-mortenax,A6,Major trace,"Heart, Refined ad Infinitum While the Zone is active, DMG dealt by ally targets increases by 50% . If there are other Nihility characters aside from Mortenax Blade in the ally team, Ultimate DMG dealt by ally targets increases by 75% . Otherwise, DMG dealt by Mortenax Blade additionally increases by 75% ."
Blade Best Build Guide | Honkai: Star Rail,blade,A2,Major trace,"Vita Infinita When Blade uses Ultimate, the total accumulated HP loss will be set to 50% ."
Blade Best Build Guide | Honkai: Star Rail,blade,A4,Major trace,"Neverending Deaths HP restored from healing increases by 20% . After receiving healing, 25% of the healed amount will be converted to Ultimate's tally of HP lost."
Blade Best Build Guide | Honkai: Star Rail,blade,A6,Major trace,Cyclone of Destruction The Talent-triggered Follow-up ATK deals 20% more DMG and additionally regenerates 15 Energy.
Boothill Best Build Guide | Honkai: Star Rail,boothill,A2,Major trace,"Ghost Load Increase this character's CRIT Rate/CRIT DMG, by an amount equal to 10%/50% of Break Effect, up to a max increase of 30%/150% ."
Boothill Best Build Guide | Honkai: Star Rail,boothill,A4,Major trace,"Above Snakes While Boothill is in the Standoff, reduces the DMG he receives from targets that are not in the Standoff by 30% ."
Boothill Best Build Guide | Honkai: Star Rail,boothill,A6,Major trace,"Point Blank When in Standoff and gaining Pocket Trickshot, regenerates 10 Energy. Can also trigger this effect when gaining Pocket Trickshot stacks that exceed the max limit"
Bronya Best Build Guide | Honkai: Star Rail,bronya,A2,Major trace,Command The CRIT Rate for Basic ATK increases to 100% .
Bronya Best Build Guide | Honkai: Star Rail,bronya,A4,Major trace,"Battlefield At the start of the battle, all allies' DEF increases by 20% for 2 turn(s)."
Bronya Best Build Guide | Honkai: Star Rail,bronya,A6,Major trace,"Military Might When Bronya is on the field, all allies deal 10% more DMG."
Castorice Best Build Guide | Honkai: Star Rail,castorice,A2,Major trace,"Contained Dark Tide After ally targets (excluding Netherwing) receive healing, converts 100% of healed value into ""Newbud."" If Netherwing is on the battlefield, the healing is instead converted into Netherwing's HP. The converted value for each ally target cannot exceed 12% of ""Newbud""'s maximum limit. The accumulated conversion value from all units resets after any unit takes action."
Castorice Best Build Guide | Honkai: Star Rail,castorice,A4,Major trace,"Inverted Torch When Castorice's current HP is greater or equal to 50% of this unit's Max HP, her SPD increases by 40% . When Netherwing uses Breath Scorches the Shadow and deals fatal damage to all enemies on the field or brings them to a point where they cannot lose more HP, Netherwing's SPD increases by 100% for 1 turn."
Castorice Best Build Guide | Honkai: Star Rail,castorice,A6,Major trace,"Where The West Wind Dwells Each time Netherwing uses Breath Scorches the Shadow, increases its DMG dealt by 30% . This effect stacks up to 6 and lasts until the end of this turn."
Cerydra Best Build Guide | Honkai: Star Rail,cerydra,A2,Major trace,"Veni For every 100 of Cerydra's ATK that exceeds 2000, increases her CRIT DMG by 18% , up to a max increase of 360% ."
Cerydra Best Build Guide | Honkai: Star Rail,cerydra,A4,Major trace,"Vidi Increases Cerydra's CRIT Rate by 100% . While Cerydra's Charge is below its maximum, the character with ""Military Merit"" using their Ultimate grants Cerydra 1 Charge. This effect can trigger once per battle."
Cerydra Best Build Guide | Honkai: Star Rail,cerydra,A6,Major trace,"Vici When using Skill, increases SPD by 20 for this unit and the teammate with ""Military Merit,"" lasting for 3 turn(s). When the character with ""Military Merit"" uses Basic ATK or Skill, regenerates 5 Energy for Cerydra."
Cipher Best Build Guide | Honkai: Star Rail,cipher,A2,Major trace,"Empyrean Strides When Cipher's SPD is higher than or equal to 140/170 , CRIT Rate increases by 25%/50% , and the gained tally increases by 50%/100% ."
Cipher Best Build Guide | Honkai: Star Rail,cipher,A4,Major trace,"300 Rogues Cipher can tally 8% of the non-True DMG ally targets dealt to the enemy targets other than the ""Patron."" Overflow DMG is not tallied."
Cipher Best Build Guide | Honkai: Star Rail,cipher,A6,Major trace,"Sleight of Sky Increases the CRIT DMG dealt by the Talent's Follow-up ATK by 100% . When Cipher is on the battlefield, DMG received by all enemy targets increases by 40% ."
Clara Best Build Guide | Honkai: Star Rail,clara,A2,Major trace,"Kinship When attacked, this character has a 35% fixed chance to remove a debuff placed on them."
Clara Best Build Guide | Honkai: Star Rail,clara,A4,Major trace,Under Protection The chance to resist Crowd Control Debuffs increases by 35% .
Clara Best Build Guide | Honkai: Star Rail,clara,A6,Major trace,Revenge Increase Svarog's Counter DMG by 30% .
Cyrene Best Build Guide | Honkai: Star Rail,cyrene,A2,Major trace,"Child of Remembrance When a teammate's memosprite is summoned, it gains ‘Future.’ ‘Future’ held by memosprites cannot be consumed."
Cyrene Best Build Guide | Honkai: Star Rail,cyrene,A4,Major trace,"Ripples Across Time When there are 1/2/3 Chrysos Heir(s) or Remembrance Path character(s) aside from Cyrene in the team, Cyrene gains 2/3/6 ‘Recollection’ point(s) at the start of combat."
Cyrene Best Build Guide | Honkai: Star Rail,cyrene,A6,Major trace,"Causality in Trichotomy When Cyrene's SPD is at 180 or higher, increases all allies' DMG dealt by 20% . Then, for each point of SPD exceeded, increases Cyrene and ███'s Ice RES PEN by 2% , counting up to a maximum of 60 exceeded SPD points."
Dan Heng • Permansor Terrae Best Build Guide | Honkai: Star Rail,dan-heng-permansor-terrae,A2,Major trace,"Empyreanity When using Skill, increases ATK for the target who has become 'Bondmate' by an amount equal to 15% of Dan Heng • Permansor Terrae's ATK."
Dan Heng • Permansor Terrae Best Build Guide | Honkai: Star Rail,dan-heng-permansor-terrae,A4,Major trace,"Sylvanity When combat starts, Dan Heng • Permansor Terrae advances action by 40% . When the 'Bondmate' uses an attack, Dan Heng • Permansor Terrae regenerates 6 Energy and 'Souldragon' advances action by 15% ."
Dan Heng • Permansor Terrae Best Build Guide | Honkai: Star Rail,dan-heng-permansor-terrae,A6,Major trace,"Sublimity When 'Souldragon' takes action, additionally provides a Shield that can offset DMG equal to 5% of Dan Heng • Permansor Terrae's ATK plus 100 to the ally target whose current Shield Effect is the lowest. When repeatedly receiving Dan Heng • Permansor Terrae's Shield, can stack the Shield Effect, but it will not exceed 300% of the current Shield provided by Skill. When the enhanced 'Souldragon' takes action, additionally deals 1 instance of Additional DMG of the Bondmate's Type to the one enemy target whose current HP is the highest, equal to 40% of the Bondmate's ATK."
Dan Heng Best Build Guide | Honkai: Star Rail,dan-heng,A2,Major trace,"Hidden Dragon When current HP percentage is 50% or lower, reduces the chance of being attacked by enemies."
Dan Heng Best Build Guide | Honkai: Star Rail,dan-heng,A4,Major trace,"Faster Than Light After launching an attack, there is a 50% fixed chance to increase own SPD by 20% for 2 turn(s)."
Dan Heng Best Build Guide | Honkai: Star Rail,dan-heng,A6,Major trace,High Gale Basic ATK deals 40% more damage to Slowed enemies.
Dr. Ratio Best Build Guide | Honkai: Star Rail,dr-ratio,A2,Major trace,"Summation When Dr. Ratio uses his Skill, for every debuff on the target, his CRIT Rate increases by 2.5% and CRIT DMG by 5% . This effect can stack up to 6 time(s)."
Dr. Ratio Best Build Guide | Honkai: Star Rail,dr-ratio,A4,Major trace,"Inference When Skill is used to attack an enemy target, there is a 100% base chance to reduce the attacked target's Effect RES by 10% for 2 turn(s)."
Dr. Ratio Best Build Guide | Honkai: Star Rail,dr-ratio,A6,Major trace,"Deduction When dealing DMG to a target that has 3 or more debuff(s), for each debuff the target has, the DMG dealt by Dr. Ratio to this target increases by 10% , up to a maximum increase of 50% ."
Evanescia Best Build Guide | Honkai: Star Rail,evanescia,A2,Major trace,"Watch All Revels Increases Evanescia's CRIT Rate by 30% . When there are (≥3)/2/1 enemy target(s) on the field, the Ultimate's bounce count increases by 1/2/4 . When a teammate with an Elation Skill Participant ID lower than Evanescia's gains ‘Certified Banger,’ Evanescia converts 50% of it into her own ‘Certified Banger.’"
Evanescia Best Build Guide | Honkai: Star Rail,evanescia,A4,Major trace,"Weigh All Truths When ‘Master Fox’ uses an attack, it additionally inflicts Vulnerability on the target, increasing the DMG they take by 12% for 3 turn(s)."
Evanescia Best Build Guide | Honkai: Star Rail,evanescia,A6,Major trace,"Best All Blooms When a teammate's ‘Certified Banger’ ends, Evanescia converts 50% of it into her own ‘Certified Banger’."
Feixiao Best Build Guide | Honkai: Star Rail,feixiao,A2,Major trace,"Heavenpath When the battle starts, gains 3 point(s) of Flying Aureus. At the start of a turn, if no follow-up attack was launched via Talent in the previous turn, then this counts as 1 toward the number of attacks required to gain Flying Aureus."
Feixiao Best Build Guide | Honkai: Star Rail,feixiao,A4,Major trace,"Formshift When using Ultimate to deal DMG to an enemy target, it is considered as a follow-up attack. Follow-up attacks' CRIT DMG increases by 36% ."
Feixiao Best Build Guide | Honkai: Star Rail,feixiao,A6,Major trace,"Boltcatch When using Skill, increases ATK by 48% , lasting for 3 turn(s)."
Firefly Best Build Guide | Honkai: Star Rail,firefly,A2,Major trace,"Module α: Antilag Outburst While in the Complete Combustion state, SAM's Break Effect increases by 25% . When using Enhanced Basic ATK or Enhanced Skill to inflict Weakness Break on a target, the Complete Combustion countdown is delayed by 10% . This effect can trigger a maximum of 3 time(s) during each Complete Combustion state."
Firefly Best Build Guide | Honkai: Star Rail,firefly,A4,Major trace,"Module β: Autoreactive Armor When SAM is in Complete Combustion with a Break Effect that is equal to or greater than 150%/300% , attacking a Weakness-Broken enemy target will convert the Toughness Reduction of this attack into 1 instance of 100%/150% Super Break DMG."
Firefly Best Build Guide | Honkai: Star Rail,firefly,A6,Major trace,"Module γ: Core Overload For every 10 point(s) of SAM's ATK that exceeds 1800 , increases this unit's Break Effect by 0.8% ."
Fu Xuan Best Build Guide | Honkai: Star Rail,fu-xuan,A2,Major trace,"Taiyi, the Macrocosmic When Matrix of Prescience is active, Fu Xuan will regenerate 20 extra Energy when she uses her Skill."
Fu Xuan Best Build Guide | Honkai: Star Rail,fu-xuan,A4,Major trace,"Dunjia, the Metamystic When Fu Xuan's Ultimate is used, heals all other allies by an amount equal to 5% of Fu Xuan's Max HP plus 133 ."
Fu Xuan Best Build Guide | Honkai: Star Rail,fu-xuan,A6,Major trace,"Liuren, the Sexagenary If a target enemy applies Crowd Control debuffs to allies while the Matrix of Prescience is active, all allies will resist all Crowd Control debuffs applied by the enemy target during the current action. This effect can only be triggered once. When Matrix of Prescience is activated again, the number of times this effect can be triggered will reset."
Gallagher Best Build Guide | Honkai: Star Rail,gallagher,A2,Major trace,"Novel Concoction Increases this unit's Outgoing Healing by an amount equal to 50% of Break Effect, up to a maximum Outgoing Healing increase of 75% ."
Gallagher Best Build Guide | Honkai: Star Rail,gallagher,A4,Major trace,"Organic Yeast After using the Ultimate, immediately Advances Forward this unit's Action by 100% ."
Gallagher Best Build Guide | Honkai: Star Rail,gallagher,A6,Major trace,"Bottoms Up When Gallagher uses Nectar Blitz to attack Besotted enemies, the HP Restore effect of his Talent will also apply to other allies for this time."
Gepard Best Build Guide | Honkai: Star Rail,gepard,A2,Major trace,Integrity Gepard has a higher chance to be attacked by enemies.
Gepard Best Build Guide | Honkai: Star Rail,gepard,A4,Major trace,"Commander When Unyielding Will is triggered, Gepard's Energy will be restored to 100% ."
Gepard Best Build Guide | Honkai: Star Rail,gepard,A6,Major trace,Fighting Spirit Gepard's ATK increases by 35% of his current DEF. This effect will refresh at the start of each turn.
Guinaifen Best Build Guide | Honkai: Star Rail,guinaifen,A2,Major trace,"High Poles Basic ATK has a 80% base chance of inflicting an enemy with a Burn, equivalent to that of Skill."
Guinaifen Best Build Guide | Honkai: Star Rail,guinaifen,A4,Major trace,"Bladed Hoop When the battle begins, Guinaifen's action is advanced forward by 25% ."
Guinaifen Best Build Guide | Honkai: Star Rail,guinaifen,A6,Major trace,Walking on Knives Deals 20% more DMG to Burned enemies.
Hanya Best Build Guide | Honkai: Star Rail,hanya,A2,Major trace,Scrivener Allies triggering Burden's Skill Point recovery effect have their ATK increased by 10% for 1 turn(s).
Hanya Best Build Guide | Honkai: Star Rail,hanya,A4,Major trace,"Netherworld If the trigger count for the Burden's Skill Point recovery effect is 1 or lower when an enemy with Burden is defeated, then additionally recovers 1 Skill Point(s)."
Hanya Best Build Guide | Honkai: Star Rail,hanya,A6,Major trace,"Reanimated When Burden's Skill Point recovery effect is triggered, this character regenerates 2 Energy."
Herta Best Build Guide | Honkai: Star Rail,herta,A2,Major trace,"Efficiency When Skill is used, the DMG Boost effect on target enemies increases by an extra 25% ."
Herta Best Build Guide | Honkai: Star Rail,herta,A4,Major trace,Puppet The chance to resist Crowd Control Debuffs increases by 35% .
Herta Best Build Guide | Honkai: Star Rail,herta,A6,Major trace,"Icing When Ultimate is used, deals 20% more DMG to Frozen enemies."
Himeko Best Build Guide | Honkai: Star Rail,himeko,A2,Major trace,"Starfire After using an attack, there is a 50% base chance to inflict Burn on enemies for 2 turn(s). When afflicted with Burn, enemies take Fire DoT equal to 30% of Himeko's ATK at the start of each turn."
Himeko Best Build Guide | Honkai: Star Rail,himeko,A4,Major trace,Magma Skill deals 20% more DMG to enemies currently afflicted with Burn.
Himeko Best Build Guide | Honkai: Star Rail,himeko,A6,Major trace,"Benchmark When current HP percentage is 80% or higher, CRIT Rate increases by 15% ."
Hook Best Build Guide | Honkai: Star Rail,hook,A2,Major trace,Innocence Hook restores HP equal to 5% of her Max HP whenever her Talent is triggered.
Hook Best Build Guide | Honkai: Star Rail,hook,A4,Major trace,Naivete The chance to resist Crowd Control Debuffs increases by 35% .
Hook Best Build Guide | Honkai: Star Rail,hook,A6,Major trace,"Playing With Fire When using her Ultimate, Hook has her action Advanced Forward by 20% and Hook additionally regenerates 5 Energy."
Huohuo Best Build Guide | Honkai: Star Rail,huohuo,A2,Major trace,"Fearful to Act When battle starts, Huohuo gains 30 Energy and Divine Provision, lasting for 2 turn(s)."
Huohuo Best Build Guide | Honkai: Star Rail,huohuo,A4,Major trace,"The Cursed One Increases the chance to resist Crowd Control debuffs by 35% . When using Ultimate, if an ally target's Max Energy is 160 or higher, additionally increases their ATK by 24% ."
Huohuo Best Build Guide | Honkai: Star Rail,huohuo,A6,Major trace,"Stress Reaction to Horror When her Talent is triggered to heal allies, Huohuo regenerates 1 Energy."
Hyacine Best Build Guide | Honkai: Star Rail,hyacine,A2,Major trace,"Gloomy Grin Increases Hyacine and Little Ica's CRIT Rate by 100% . When providing healing to an ally target with less than or equal to 50% this unit's Max HP, increases Hyacine and Little Ica's Outgoing Healing by 25% ."
Hyacine Best Build Guide | Honkai: Star Rail,hyacine,A4,Major trace,"Stormy Caress Increases Hyacine's Effect RES by 50% . When using Skill and Ultimate, dispels 1 debuff(s) from all ally targets."
Hyacine Best Build Guide | Honkai: Star Rail,hyacine,A6,Major trace,"Tempestuous Halt When Hyacine's SPD exceeds 200 , increases her and Little Ica's Max HP by 20% . Then, for every 1 excess SPD, increases Hyacine's and Little Ica's Outgoing Healing by 1% . Up to a max of 200 excess SPD can be taken into account for this effect."
Hysilens Best Build Guide | Honkai: Star Rail,hysilens,A2,Major trace,"The Gladius of Conquest At the start of combat, Hysilens deploys a Zone, equivalent to that provided by her Ultimate, lasting for 3 turn(s). Whenever Hysilens deploys a Zone, she recovers 1 Skill Point(s)."
Hysilens Best Build Guide | Honkai: Star Rail,hysilens,A4,Major trace,"The Bubble of Banquets When Hysilens uses Ultimate, if the enemy target is currently afflicted with DoT(s), all DoTs currently applied on the target will immediately produce DMG equal to 150% of their original DMG."
Hysilens Best Build Guide | Honkai: Star Rail,hysilens,A6,Major trace,"The Fiddle of Pearls For every 10% of Hysilens's Effect Hit Rate that exceeds 60% , increases her DMG dealt by 15% , up to a max increase of 90% ."
Dan Heng • Imbibitor Lunae Best Build Guide | Honkai: Star Rail,imbibitor-lunae,A2,Major trace,"Star Veil At the start of the battle, immediately regenerates 15 Energy."
Dan Heng • Imbibitor Lunae Best Build Guide | Honkai: Star Rail,imbibitor-lunae,A4,Major trace,Aqua Reign Increases the chance to resist Crowd Control debuffs by 35% .
Dan Heng • Imbibitor Lunae Best Build Guide | Honkai: Star Rail,imbibitor-lunae,A6,Major trace,Jolt Anew This character's CRIT DMG increases by 24% when dealing DMG to enemy targets with Imaginary Weakness.
Jade Best Build Guide | Honkai: Star Rail,jade,A2,Major trace,"Reverse Repo When enemy targets enter combat, Jade gains 1 stack(s) of Pawned Asset. When a Debt Collector ally's turn starts, Jade additionally gains 3 stack(s) of Pawned Asset."
Jade Best Build Guide | Honkai: Star Rail,jade,A4,Major trace,"Collateral Ticket When the battle starts, Jade's action is advanced forward by 50% ."
Jade Best Build Guide | Honkai: Star Rail,jade,A6,Major trace,Asset Forfeiture Each stack of the Talent's Pawned Asset additionally increases Jade's ATK by 0.5% .
Jiaoqiu Best Build Guide | Honkai: Star Rail,jiaoqiu,A2,Major trace,"Pyre Cleanse When battle starts, immediately regenerates 15 Energy."
Jiaoqiu Best Build Guide | Honkai: Star Rail,jiaoqiu,A4,Major trace,"Hearth Kindle For every 15% of Jiaoqiu's Effect Hit Rate that exceeds 80%, additionally increases ATK by 60% , up to 240% ."
Jiaoqiu Best Build Guide | Honkai: Star Rail,jiaoqiu,A6,Major trace,"Seared Scent While the Zone exists, enemies entering combat will be inflicted with Ashen Roast. The number of stacks applied will match the highest number of Ashen Roast stacks possessed by any unit while the Zone is active, with a minimum of 1 stack(s)."
Jing Yuan Best Build Guide | Honkai: Star Rail,jing-yuan,A2,Major trace,"Battalia Crush If the Lightning-Lord's Hits Per Action is greater or equal to 6 in the next turn, its CRIT DMG increases by 25% for the next turn."
Jing Yuan Best Build Guide | Honkai: Star Rail,jing-yuan,A4,Major trace,"Savant Providence At the start of the battle, immediately regenerates 15 Energy ."
Jing Yuan Best Build Guide | Honkai: Star Rail,jing-yuan,A6,Major trace,"War Marshal After using Skill, CRIT Rate increases by 10% for 2 turn(s)."
Jingliu Best Build Guide | Honkai: Star Rail,jingliu,A2,Major trace,"Deathrealm While in the Spectral Transmigration state, Effect RES increases by 35% , and Ultimate DMG dealt increases by 20% ."
Jingliu Best Build Guide | Honkai: Star Rail,jingliu,A4,Major trace,"Sword Champion After using Transcendent Flash, regenerate an additional 15 Energy, and after using Moon On Glacial River, regenerate an additional 8 Energy."
Jingliu Best Build Guide | Honkai: Star Rail,jingliu,A6,Major trace,"Frost Wraith When obtaining Syzygy at max stacks, Jingliu's next attack ignores 25% of the target's DEF."
Kafka Best Build Guide | Honkai: Star Rail,kafka,A2,Major trace,"Torture When an ally target's Effect Hit Rate is 75% or more, Kafka increases the target's ATK by 100% ."
Kafka Best Build Guide | Honkai: Star Rail,kafka,A4,Major trace,"Plunder If an enemy is defeated while Shocked, Kafka additionally regenerates 5 Energy."
Kafka Best Build Guide | Honkai: Star Rail,kafka,A6,Major trace,"Thorns After using Ultimate, the Talent's Follow-up ATK can be triggered 1 time and the Follow-up ATK can cause all DoTs debuffs the target is currently under to immediately produce DMG equal to 80% of the original DMG."
Lingsha Best Build Guide | Honkai: Star Rail,lingsha,A2,Major trace,"Vermilion Waft Increases this unit's ATK or Outgoing Healing by an amount equal to 25%/10% of Break Effect, up to a maximum increase of 50%/20% respectively."
Lingsha Best Build Guide | Honkai: Star Rail,lingsha,A4,Major trace,"Sylvan Smoke When using Basic ATK, additionally regenerates 10 Energy."
Lingsha Best Build Guide | Honkai: Star Rail,lingsha,A6,Major trace,"Ember's Echo When Fuyuan is on the field and any ally character takes DMG or consumes HP, if a character in the team has their current HP percentage lower than or equal to 60% , Fuyuan will immediately launch the Talent's follow-up attack. This does not consume Fuyuan's action count. This effect can trigger again after 2 turn(s)."
Luka Best Build Guide | Honkai: Star Rail,luka,A2,Major trace,"Kinetic Overload When the Skill is used, immediately dispels 1 buff from the enemy target."
Luka Best Build Guide | Honkai: Star Rail,luka,A4,Major trace,"Cycle Braking For every stack of Fighting Will obtained, additionally regenerates 3 Energy."
Luka Best Build Guide | Honkai: Star Rail,luka,A6,Major trace,"Crush Fighting Will When using Enhanced Basic ATK, every hit Direct Punch deals has a 50% fixed chance for Luka to use 1 additional hit. This effect does not apply to additional hits generated in this way."
Luocha Best Build Guide | Honkai: Star Rail,luocha,A2,Major trace,"Cleansing Revival When the Skill's effect is triggered, removes 1 debuff(s) from a target ally."
Luocha Best Build Guide | Honkai: Star Rail,luocha,A4,Major trace,"Sanctified When any enemy in the Field is attacked by an ally, all allies (except the attacker) restore HP equal to 7% of Luocha's ATK plus 93."
Luocha Best Build Guide | Honkai: Star Rail,luocha,A6,Major trace,Through the Valley The chance to resist Crowd Control debuffs increases by 70%.
Lynx Best Build Guide | Honkai: Star Rail,lynx,A2,Major trace,"Advance Surveying After a target with Survival Response is hit, Lynx regenerates 2 Energy immediately."
Lynx Best Build Guide | Honkai: Star Rail,lynx,A4,Major trace,Exploration Techniques Increases the chance to resist Crowd Control debuffs by 35% .
Lynx Best Build Guide | Honkai: Star Rail,lynx,A6,Major trace,Survival in the Extreme Extends the duration of the continuous healing effect granted by Talent for 1 turn(s).
March 7th • Evernight Best Build Guide | Honkai: Star Rail,march-7th-evernight,A2,Major trace,"Dark the Night, Still the Moon Increases Evernight and the memosprite Evey's CRIT Rate by 35% . When using abilities, consumes 5% of this unit's current HP to increase both their CRIT DMG by 15% for 2 turn(s). After memosprite Evey uses ""Dream, Dissolving, as Dew,"" recovers 1 Skill Point for allies."
March 7th • Evernight Best Build Guide | Honkai: Star Rail,march-7th-evernight,A4,Major trace,"Rouse the Flame, Lull the Light At the start of combat, Evernight regenerates 70 Energy and gains 1 ""Memoria."" When Evernight or an ally memosprite uses an ability, Evernight regenerates 5 Energy and gains 1 ""Memoria."""
March 7th • Evernight Best Build Guide | Honkai: Star Rail,march-7th-evernight,A6,Major trace,"Kindle the Morn, Drop the Rain When there are 1/2/3/4 or more Remembrance characters in the team, while Evernight's Skill persists, additionally increases all memosprites' CRIT DMG by 5%/15%/50%/65% ."
March 7th • The Hunt Best Build Guide | Honkai: Star Rail,march-7th-swordmaster,A2,Major trace,"Swan Soar When the battle starts, March 7th's action is Advanced Forward by 25% ."
March 7th • The Hunt Best Build Guide | Honkai: Star Rail,march-7th-swordmaster,A4,Major trace,"Filigree March 7th can reduce the Toughness of enemies whose Weakness Type is the same as Shifu's Combat Type. When Breaking Weakness, triggers the Imaginary Weakness Break effect."
March 7th • The Hunt Best Build Guide | Honkai: Star Rail,march-7th-swordmaster,A6,Major trace,"Tide Tamer After using Enhanced Basic ATK, increases Shifu's CRIT DMG by 60% and Break Effect by 36% , lasting for 2 turn(s)."
March 7th Best Build Guide | Honkai: Star Rail,march-7th,A2,Major trace,Purify Skill removes 1 debuff from an ally.
March 7th Best Build Guide | Honkai: Star Rail,march-7th,A4,Major trace,Reinforce The duration of the Shield generated from her Skill is extended for 1 turn(s).
March 7th Best Build Guide | Honkai: Star Rail,march-7th,A6,Major trace,Ice Spell Increases Ultimate's base chance to Freeze enemies by 15% .
Misha Best Build Guide | Honkai: Star Rail,misha,A2,Major trace,"Release Before the Ultimate's first hit lands, increases the base chance of Freezing the target by 80% ."
Misha Best Build Guide | Honkai: Star Rail,misha,A4,Major trace,"Interlock When using the Ultimate, increases the Effect Hit Rate by 60% , lasting until the end of the Ultimate's current action."
Misha Best Build Guide | Honkai: Star Rail,misha,A6,Major trace,"Transmission When dealing DMG to Frozen enemies, increases CRIT DMG by 30% ."
Moze Best Build Guide | Honkai: Star Rail,moze,A2,Major trace,"Nightfeather After using the Talent's follow-up attack, recovers 1 Skill Point(s). This effect can trigger again after 1 turn(s)."
Moze Best Build Guide | Honkai: Star Rail,moze,A4,Major trace,"Daggerhold When Moze dispels his Departed state, his action advances by 20% . At the start of each wave, Moze's action advances by 30% ."
Moze Best Build Guide | Honkai: Star Rail,moze,A6,Major trace,"Vengewise When dealing DMG by using Ultimate, it is considered as having launched a follow-up attack. The follow-up attack DMG taken by Prey increases by 25% ."
Mydei Best Build Guide | Honkai: Star Rail,mydei,A2,Major trace,"Earth and Water During the ""Vendetta"" state, Mydei will not exit the ""Vendetta"" state when receiving a killing blow. This effect can trigger 3 time(s) per battle."
Mydei Best Build Guide | Honkai: Star Rail,mydei,A4,Major trace,"Thirty Tyrants While in the ""Vendetta"" state, Mydei is immune to Crowd Control debuffs."
Mydei Best Build Guide | Honkai: Star Rail,mydei,A6,Major trace,"Bloodied Chiton When battle starts, if Mydei's Max HP exceeds 4000, for every 100 excess HP, Mydei's CRIT Rate increases by 1.2% , his Charge ratio from enemy targets' DMG increases by 2.5% , and his Incoming Healing increases by 0.75% . Up to 4000 excess HP can be taken into account for this effect."
Natasha Best Build Guide | Honkai: Star Rail,natasha,A2,Major trace,Soothe The Skill removes 1 debuff(s) from a target ally.
Natasha Best Build Guide | Honkai: Star Rail,natasha,A4,Major trace,Healer Natasha's Outgoing Healing increases by 10% .
Natasha Best Build Guide | Honkai: Star Rail,natasha,A6,Major trace,Recuperation Increases the duration of her Skill's continuous healing effect for 1 turn(s).
Pela Best Build Guide | Honkai: Star Rail,pela,A2,Major trace,Bash Deals 20% more DMG to debuffed enemies.
Pela Best Build Guide | Honkai: Star Rail,pela,A4,Major trace,"The Secret Strategy When Pela is on the battlefield, all allies' Effect Hit Rate increases by 10% ."
Pela Best Build Guide | Honkai: Star Rail,pela,A6,Major trace,Wipe Out Using Skill to remove buff(s) increases the DMG of Pela's next attack by 20% .
Phainon Best Build Guide | Honkai: Star Rail,phainon,A2,Major trace,"March to Oblivion At the start of the battle, gains 1 point(s) of Coreflame. When the transformation ends, gains 3 point(s) of Coreflame."
Phainon Best Build Guide | Honkai: Star Rail,phainon,A4,Major trace,"Bide in Flames When receiving healing effects or Shields from a teammate, increases DMG dealt by 45% for 4 turn(s). This effect cannot be triggered repeatedly within one turn. When receiving Energy regeneration ability effects provided by teammates, gains 1 point(s) of Coreflame."
Phainon Best Build Guide | Honkai: Star Rail,phainon,A6,Major trace,"Shine with Valor When entering battle or when transformation ends, increases ATK by 50% . This effect can stack up to 2 time(s)."
Qingque Best Build Guide | Honkai: Star Rail,qingque,A2,Major trace,Tile Battle Restores 1 Skill Point when using the Skill. This effect can only be triggered 1 time per battle.
Qingque Best Build Guide | Honkai: Star Rail,qingque,A4,Major trace,Bide Time Using the Skill increases DMG Boost effect of attacks by an extra 10% .
Qingque Best Build Guide | Honkai: Star Rail,qingque,A6,Major trace,Winning Hand Qingque's SPD increases by 10% for 1 turn after using the Enhanced Basic ATK.
Rappa Best Build Guide | Honkai: Star Rail,rappa,A2,Major trace,"Ninjutsu Inscription: Sky High When the Weakness of an elite-level or higher enemy is broken, Rappa additionally gains 1 point(s) of Charge and regenerates 10 Energy."
Rappa Best Build Guide | Honkai: Star Rail,rappa,A4,Major trace,"Ninjutsu Inscription: Sea Echo While in the Sealform state, after Rappa uses Enhanced Basic ATK to deal DMG to a Weakness Broken enemy target, converts the Toughness Reduction from this instance of DMG to 1 instance of 60% Super Break DMG."
Rappa Best Build Guide | Honkai: Star Rail,rappa,A6,Major trace,"Ninjutsu Inscription: Withered Leaf When an enemy target becomes Weakness Broken, increases the Break DMG taken by 2% . If Rappa's current ATK is higher than 2400, for every 100 excess ATK, additionally increases this value by 1% , up to a max additional increase of 8% . This effect lasts for 2 turn(s)."
Robin Summeretto Best Build Guide | Honkai: Star Rail,robin-summeretto,A2,Major trace,"Deviated Chords When an ally target causes Robin • Summeretto to gain Vibes, if their ATK is higher than Robin • Summeretto's, increases that target's ATK by an amount equal to (16% + Vibes × 0.4%) of Robin • Summeretto's Max HP. Otherwise, increases that target's CRIT DMG by 40% + Vibes × 1.5%. Lasts for 2 turn(s)."
Robin Summeretto Best Build Guide | Honkai: Star Rail,robin-summeretto,A4,Major trace,"Improvised Blues When Robin • Summeretto or ""Summer Songbirds"" receive healing or a Shield provided by teammates, they gain 12 stack(s) of ""Groove,"" up to a max of 12 stack(s). The first time Robin • Summeretto gains Vibes on any unit's turn, if she has ""Groove,"" she consumes 1 stack of ""Groove"" and regenerates 3 Energy."
Robin Summeretto Best Build Guide | Honkai: Star Rail,robin-summeretto,A6,Major trace,"Rebuilt Harmony Increases the CRIT Rate of Robin • Summeretto and ""Summer Songbirds"" by 50%."
Robin Best Build Guide | Honkai: Star Rail,robin,A2,Major trace,"Coloratura Cadenza When the battle begins, this character's action is Advanced Forward by 25% ."
Robin Best Build Guide | Honkai: Star Rail,robin,A4,Major trace,"Impromptu Flourish While the Concerto state is active, the CRIT DMG dealt when all allies launch follow-up attacks increases by 25% ."
Robin Best Build Guide | Honkai: Star Rail,robin,A6,Major trace,"Sequential Passage When using Skill, additionally regenerates 5 Energy."
Ruan Mei Best Build Guide | Honkai: Star Rail,ruan-mei,A2,Major trace,Inert Respiration Increases Break Effect by 20% for all allies.
Ruan Mei Best Build Guide | Honkai: Star Rail,ruan-mei,A4,Major trace,"Days Wane, Thoughts Wax Ruan Mei regenerates 5 Energy at the start of her turn."
Ruan Mei Best Build Guide | Honkai: Star Rail,ruan-mei,A6,Major trace,"Candle Lights on Still Waters In battle, for every 10% of Ruan Mei's Break Effect that exceeds 120%, her Skill additionally increases allies' DMG by 6% , up to a maximum of 36% ."
Saber Best Build Guide | Honkai: Star Rail,saber,A2,Major trace,"Knight of the Dragon Increases Saber's CRIT Rate by 20% . When entering battle and when using her Enhanced Basic ATK, obtains the 'Mana Burst' effect. Under the effect, if Saber has 'Core Resonance' and her Energy can be fully regenerated by using her Skill and consuming 'Core Resonance,' consumes 'Mana Burst' to recover 1 Skill Point for allies, and Saber immediately takes action."
Saber Best Build Guide | Honkai: Star Rail,saber,A4,Major trace,"Blessing of the Lake Saber can accumulate up to 120 excess Energy. After using Ultimate, the excess Energy is cleared and a corresponding amount is regenerated. When the battle starts, if Energy is below 60% , it is regenerated to 60% ."
Saber Best Build Guide | Honkai: Star Rail,saber,A6,Major trace,"Crown of the Star When using Skill, increases Saber's CRIT DMG by 50% for 2 turns. During this battle, for each point of 'Core Resonance' gained, increases Saber's CRIT DMG by 4% , stacking up to 8 time(s)."
Sampo Best Build Guide | Honkai: Star Rail,sampo,A2,Major trace,Trap Extends the duration of Wind Shear caused by Talent by 1 turn.
Sampo Best Build Guide | Honkai: Star Rail,sampo,A4,Major trace,Defensive Position Using Ultimate additionally regenerates 10 Energy.
Sampo Best Build Guide | Honkai: Star Rail,sampo,A6,Major trace,Spice Up Enemies with Wind Shear effect deal 15% less damage to Sampo.
Seele Best Build Guide | Honkai: Star Rail,seele,A2,Major trace,"Nightshade When defeating an enemy target, increases the wearer's DMG dealt by 50% . This effect can stack up to 3 time(s) and lasts for 3 turn(s)."
Seele Best Build Guide | Honkai: Star Rail,seele,A4,Major trace,"Lacerate While Seele is in the Amplification state, her Quantum RES PEN increases by 25% ."
Seele Best Build Guide | Honkai: Star Rail,seele,A6,Major trace,"Rippling Waves After using a Basic ATK, Seele's next action advances by 20% ."
Serval Best Build Guide | Honkai: Star Rail,serval,A2,Major trace,Rock 'n' Roll Skill has a 20% increased base chance to Shock enemies.
Serval Best Build Guide | Honkai: Star Rail,serval,A4,Major trace,"String Vibration At the start of the battle, immediately regenerates 15 Energy."
Serval Best Build Guide | Honkai: Star Rail,serval,A6,Major trace,"Mania Upon defeating an enemy, ATK increases by 20% for 2 turn(s)."
Silver Wolf • Lv. 999 Best Build Guide | Honkai: Star Rail,silver-wolf-lv-999,A2,Major trace,"False Ending Speedrun When SPD is 160 or higher, increases this unit's Elation by 50% . For every 1 SPD exceeded, increases this unit's Elation by 2% . Up to a max of 100 excess SPD can be taken into account for this effect."
Silver Wolf • Lv. 999 Best Build Guide | Honkai: Star Rail,silver-wolf-lv-999,A4,Major trace,"True Ending Unlocked If the number of Punchlines taken into account when using an Elation Skill is 20 or more, gain an additional 20 Hidden MMR points (if 40 or more, gain 20 points on top of that)."
Silver Wolf • Lv. 999 Best Build Guide | Honkai: Star Rail,silver-wolf-lv-999,A6,Major trace,"Secret Level Maxed After entering the Godmode Player state, gains 20 point(s) of Hidden MMR."
Silver Wolf Best Build Guide | Honkai: Star Rail,silver-wolf,A2,Major trace,"Generate Bug's duration is extended for 1 turn. Every time an enemy is inflicted with Weakness Break, Silver Wolf has a 100% base chance of implanting a random Bug in the enemy."
Silver Wolf Best Build Guide | Honkai: Star Rail,silver-wolf,A4,Major trace,"Inject At the start of the battle, immediately regenerates 20 Energy. Silver Wolf regenerates 5 Energy at the start of her turn."
Silver Wolf Best Build Guide | Honkai: Star Rail,silver-wolf,A6,Major trace,"Side Note For every 10% Effect Hit Rate that Silver Wolf has, additionally increases her ATK by 10% to a max of 50% ."
Sparkle Best Build Guide | Honkai: Star Rail,sparkle,A2,Major trace,"Almanac Using Basic ATK additionally regenerates 10 Energy. When an ally character who holds the CRIT DMG Boost effect provided by the Skill consumes Skill Points, Sparkle additionally regenerates 1 Energy."
Sparkle Best Build Guide | Honkai: Star Rail,sparkle,A4,Major trace,"Artificial Flower If an ally character consumes 3 or more Skill Points in a single turn, Sparkle's next use of Skill will not consume Skill Points."
Sparkle Best Build Guide | Honkai: Star Rail,sparkle,A6,Major trace,"Nocturne Increases all allies's ATK by 45% . When an ally character holds the CRIT DMG Boost effect provided by the Skill, All-Type RES PEN increases by 10% ."
Sparxie Best Build Guide | Honkai: Star Rail,sparxie,A2,Major trace,"Sweet! Punchline Signing For every 100 of Sparxie's ATK that exceeds 2000 , increases this unit's Elation by 5% , up to a maximum increase of 80% ."
Sparxie Best Build Guide | Honkai: Star Rail,sparxie,A4,Major trace,"Dazzling! Persona Kaleidoscope When there are 1/2/(3 or more) Elation characters in the team, using Sparxie's Ultimate will additionally gain 2/4/8 Punchline and 1/1/4 Thrill."
Sparxie Best Build Guide | Honkai: Star Rail,sparxie,A6,Major trace,"Frenzy! Palette of Truth and Lies For every 1 Punchline currently owned, increases all allies' CRIT DMG by 8% , up to a max increase of 80% ."
Sunday Best Build Guide | Honkai: Star Rail,sunday,A2,Major trace,"Rest Day's Longing When using Ultimate, if the Energy regenerated for the target is less than 40 , increases the regenerated Energy to 40 ."
Sunday Best Build Guide | Honkai: Star Rail,sunday,A4,Major trace,"Exalted Sweep When battle starts, Sunday regenerates 25 Energy."
Sunday Best Build Guide | Honkai: Star Rail,sunday,A6,Major trace,"Haven in Palm When using Skill, dispels 1 debuff from the target."
Sushang Best Build Guide | Honkai: Star Rail,sushang,A2,Major trace,"Guileless When current HP percentage is 50% or lower, reduces the chance of being attacked by enemies."
Sushang Best Build Guide | Honkai: Star Rail,sushang,A4,Major trace,"Riposte For every Sword Stance triggered, the DMG dealt by Sword Stance increases by 2.5% . Stacks up to 10 time(s)."
Sushang Best Build Guide | Honkai: Star Rail,sushang,A6,Major trace,"Vanquisher After using Basic ATK or Skill, if there are enemies on the field with Weakness Break, Sushang's action is Advanced Forward by 15% ."
The Dahlia Best Build Guide | Honkai: Star Rail,the-dahlia,A2,Major trace,"Yet Another Funeral When entering combat, increases other characters' Break Effect equal to 24% of The Dahlia's Break Effect plus 50% for 1 turn(s). This effect triggers again lasting 3 turn(s) when The Dahlia receives healing or a Shield from a teammate, but cannot be triggered repeatedly within a single turn."
The Dahlia Best Build Guide | Honkai: Star Rail,the-dahlia,A4,Major trace,"Lament, Lost Soul When using Talent's Follow-Up ATK, recovers 1 Skill Point for allies. This effect can be triggered once for every 2 Talent's Follow-Up ATKs used."
The Dahlia Best Build Guide | Honkai: Star Rail,the-dahlia,A6,Major trace,"Outgrow the Old, Espouse the New When an ally target adds Weakness to an enemy target, increases SPD by 30% for 2 turn(s). If an ally Fire character implants a Weakness when using an attack, deals 20 fixed amount of Fire Toughness Reduction after the attack for every target with Weakness implanted. Also, regenerates Energy equal to 10% of Max Energy. The maximum amount of Energy regenerated through this effect is capped at 50% of Max Energy."
The Herta Best Build Guide | Honkai: Star Rail,the-herta,A2,Major trace,"Aloofly Honest When ally targets attack, inflicts 1 stack of Interpretation on the hit enemy target. After attacking, for every 1 target hit by this attack, regenerates 3 fixed Energy for The Herta, counting up to a maximum of 5 targets. When using Enhanced Skill and if the primary target's Interpretation stack reaches 42, increases Ice DMG dealt by The Herta by 50% until the end of this attack."
The Herta Best Build Guide | Honkai: Star Rail,the-herta,A4,Major trace,"Message From Beyond the Veil When entering battle, if the team has 2 or more characters following the Path of Erudition, then increases all allies' CRIT DMG by 80% , calculates at least 3 targets when the Trace Aloofly Honest calculates hit targets, applies 1 stack(s) of Interpretation to the target that has the highest current Interpretation stacks among the hit enemy targets after attacking, and additionally applies 2 stack(s) of Interpretation if the attacker is a character following the Path of Erudition."
The Herta Best Build Guide | Honkai: Star Rail,the-herta,A6,Major trace,"Starved Landscape of Vacua For every 1 stack of Interpretation inflicted on enemy targets, The Herta gains 1 stack of Answer up to 9 stack(s). When using the Ultimate, every stack of Answer increases the Ultimate's DMG multiplier by 1% ."
Tingyun • Fugue Best Build Guide | Honkai: Star Rail,tingyun-fugue,A2,Major trace,"Verdantia Renaissance After ally targets break weakness, additionally delays the action of the enemy target by 15% ."
Tingyun • Fugue Best Build Guide | Honkai: Star Rail,tingyun-fugue,A4,Major trace,"Sylvan Enigma Increases this unit's Break Effect by 30% . After using Skill for the first time, immediately recovers 1 Skill Point(s)."
Tingyun • Fugue Best Build Guide | Honkai: Star Rail,tingyun-fugue,A6,Major trace,"Phecda Primordia When an enemy target's Weakness gets broken, increases teammates' (i.e., excluding this unit) Break Effect by 6% . If Fugue's Break Effect is 220% or higher, the Break Effect increase is boosted by an additional 12% , lasting for 2 turn(s). This effect can stack up to 2 time(s)."
Tingyun Best Build Guide | Honkai: Star Rail,tingyun,A2,Major trace,Nourished Joviality Tingyun's SPD increases by 20% for 1 turn after using Skill.
Tingyun Best Build Guide | Honkai: Star Rail,tingyun,A4,Major trace,Knell Subdual Basic ATK DMG increases by 40% .
Tingyun Best Build Guide | Honkai: Star Rail,tingyun,A6,Major trace,Jubilant Passage Tingyun immediately regenerates 5 Energy at the start of her turn.
Topaz & Numby Best Build Guide | Honkai: Star Rail,topaz,A2,Major trace,"Overdraft When Topaz uses Basic ATK to deal DMG, it will be considered as a follow-up attack."
Topaz & Numby Best Build Guide | Honkai: Star Rail,topaz,A4,Major trace,Financial Turmoil Increases Topaz and Numby's DMG dealt to enemy targets with Fire Weakness by 15% .
Topaz & Numby Best Build Guide | Honkai: Star Rail,topaz,A6,Major trace,"Stonks Market After Numby uses an attack while in the Windfall Bonanza! state, Topaz additionally regenerates 10 Energy."
Trailblazer • Destruction Best Build Guide | Honkai: Star Rail,trailblazer-destruction,A2,Major trace,"Ready for Battle At the start of the battle, immediately regenerates 15 Energy."
Trailblazer • Destruction Best Build Guide | Honkai: Star Rail,trailblazer-destruction,A4,Major trace,Perseverance Each stack of Talent increases the Trailblazer's DEF by 10% .
Trailblazer • Destruction Best Build Guide | Honkai: Star Rail,trailblazer-destruction,A6,Major trace,"Fighting Will When using Skill or Ultimate Blowout: RIP Home Run, DMG dealt to the target enemy is increased by 25% ."
Trailblazer • Elation Best Build Guide | Honkai: Star Rail,trailblazer-elation,A2,Major trace,"On Cloud Nine For every 200 point(s) of Trailblazer's ATK that exceeds 1000 , increases this unit's Elation by 10% , up to a maximum increase of 60% ."
Trailblazer • Elation Best Build Guide | Honkai: Star Rail,trailblazer-elation,A4,Major trace,"Screw It, We Ball Increases this unit's CRIT Rate by 15% . After using Ultimate, recovers 1 Skill Point(s) for the team."
Trailblazer • Elation Best Build Guide | Honkai: Star Rail,trailblazer-elation,A6,Major trace,"Aha, Sic 'Em! After an ally target uses an Elation Skill, Trailblazer additionally gains 2 point(s) of Certified Banger the next time they use their Skill."
Trailblazer • Harmony Best Build Guide | Honkai: Star Rail,trailblazer-harmony,A2,Major trace,"Dance With the One When the number of enemy targets on the field is 5 or more/4/3/2/1 , the Super Break DMG triggered by the Backup Dancer effect increases by 20%/30%/40%/50%/60% ."
Trailblazer • Harmony Best Build Guide | Honkai: Star Rail,trailblazer-harmony,A4,Major trace,"Shuffle Along When using Skill, additionally increases the Toughness Reduction of the first instance of DMG by 100% ."
Trailblazer • Harmony Best Build Guide | Honkai: Star Rail,trailblazer-harmony,A6,Major trace,Hat of the Theater Additionally delays the enemy target's action by 30% when allies Break enemy Weaknesses.
Trailblazer • Preservation Best Build Guide | Honkai: Star Rail,trailblazer-preservation,A2,Major trace,"The Strong Defend the Weak After using the Skill, the DMG taken by all allies reduces by 15% for 1 turn(s)."
Trailblazer • Preservation Best Build Guide | Honkai: Star Rail,trailblazer-preservation,A4,Major trace,Unwavering Gallantry Using Enhanced Basic ATK restores the Trailblazer's HP by 5% of their Max HP.
Trailblazer • Preservation Best Build Guide | Honkai: Star Rail,trailblazer-preservation,A6,Major trace,"Action Beats Overthinking When the Trailblazer is protected by a Shield at the beginning of the turn, increases ATK by 15% and regenerates 5 Energy until the action is over."
Trailblazer • Remembrance Best Build Guide | Honkai: Star Rail,trailblazer-remembrance,A2,Major trace,"Rhapsode's Scepter When the battle starts, Trailblazer's action advances by 30% . When Mem is first summoned, grants Mem 40% Charge."
Trailblazer • Remembrance Best Build Guide | Honkai: Star Rail,trailblazer-remembrance,A4,Major trace,"Petite Parable When using Baddies! Trouble!, Mem immediately gains 5% Charge."
Trailblazer • Remembrance Best Build Guide | Honkai: Star Rail,trailblazer-remembrance,A6,Major trace,"Magnets and Long Chains When the Max Energy of the ally target that has Mem's Support exceeds 100, for every 10 excess Energy, additionally increases the multiplier of the True DMG dealt via Mem's Support by 2% , up to a max increase of 20% . Bonus Major trace Unfinished Epilogue After using Ultimate, gains 1 stack of Epic, up to 2 stacks. When this unit has Epic and Mem is on the field, Basic ATK gets enhanced to Together, We Script Tomorrow!"
Tribbie Best Build Guide | Honkai: Star Rail,tribbie,A2,Major trace,"Lamb Outside the Wall... After using Talent's Follow-up ATK, increases the DMG dealt by Tribbie by 72% . This effect can stack up to 3 time(s), lasting for 3 turn(s)."
Tribbie Best Build Guide | Honkai: Star Rail,tribbie,A4,Major trace,"Glass Ball with Wings! While the Zone lasts, Tribbie's Max HP increases by an amount equal to 9% of the sum of all ally characters' Max HP."
Tribbie Best Build Guide | Honkai: Star Rail,tribbie,A6,Major trace,"Pebble at Crossroads? At the start of battle, Tribbie regenerates 30 Energy. After other ally targets attack, Tribbie regenerates 1.5 Energy for each target hit."
Welt Best Build Guide | Honkai: Star Rail,welt,A2,Major trace,"Retribution When ally targets attack targets under the Weightless state, their DMG dealt increases by 10% . This effect stacks up to 10 times and lasts for 2 turn(s). At the start of the battle, Welt regenerates 30 Energy."
Welt Best Build Guide | Honkai: Star Rail,welt,A4,Major trace,"Judgment When Welt uses Basic ATK or Skill, additionally deals 1 extra instance of Additional DMG to the enemy target. The Additional DMG dealt when using Basic ATK is equal to 80% of Basic ATK DMG multiplier. The Additional DMG dealt when using Skill is equal to 120% of Skill DMG multiplier."
Welt Best Build Guide | Honkai: Star Rail,welt,A6,Major trace,"Punishment When Welt's Effect Hit Rate is greater than 40% , for every 10% that exceeds this value, increases ATK by 20% , up to a maximum increase of 80% . When using Ultimate, additionally restores 5 Energy."
Xueyi Best Build Guide | Honkai: Star Rail,xueyi,A2,Major trace,"Clairvoyant Loom Increases DMG dealt by this unit by an amount equal to 100% of Break Effect, up to a maximum DMG increase of 240% ."
Xueyi Best Build Guide | Honkai: Star Rail,xueyi,A4,Major trace,"Intrepid Rollerbearings If the enemy target's Toughness is equal to or higher than 50% of their Max Toughness, deals 10% more DMG when using Ultimate"
Xueyi Best Build Guide | Honkai: Star Rail,xueyi,A6,Major trace,"Perspicacious Mainframe Xueyi will keep a tally of the number of Karma stacks that exceed the max stack limit, up to 6 stacks in the tally. After Xueyi's Talent is triggered, she will gain a corresponding number of tallied Karma stacks."
Yanqing Best Build Guide | Honkai: Star Rail,yanqing,A2,Major trace,"Icing on the Kick When Yanqing attacks, deals additional Ice DMG equal to 30% of Yanqing's ATK to targets with Ice Weakness."
Yanqing Best Build Guide | Honkai: Star Rail,yanqing,A4,Major trace,"Frost Favors the Brave When Soulsteel Sync is active, Effect RES increases by 20% ."
Yanqing Best Build Guide | Honkai: Star Rail,yanqing,A6,Major trace,"Gentle Blade When a CRIT Hit is triggered, increases SPD by 10% for 2 turn(s)."
Yao Guang Best Build Guide | Honkai: Star Rail,yao-guang,A2,Major trace,"Amaze-In Grace When Yao Guang's SPD is 120 or higher, increases this unit's Elation by 30% . For every 1 SPD exceeded, increases this unit's Elation by 1% . Up to a max of 200 excess SPD can be taken into account for this effect."
Yao Guang Best Build Guide | Honkai: Star Rail,yao-guang,A4,Major trace,"Poised and Sated Increases this unit's CRIT DMG by 60% . After using Elation Skill, recovers 1 Skill Point(s) for the team."
Yao Guang Best Build Guide | Honkai: Star Rail,yao-guang,A6,Major trace,"Felicity Ensemble When Yao Guang gains Certified Banger, its duration increases by 1 turn(s)."
Yukong Best Build Guide | Honkai: Star Rail,yukong,A2,Major trace,Archerion Yukong can resist 1 debuff application for 1 time. This effect can be triggered again in 2 turn(s).
Yukong Best Build Guide | Honkai: Star Rail,yukong,A4,Major trace,"Bowmaster When Yukong is on the field, Imaginary DMG dealt by all allies increases by 12%."
Yukong Best Build Guide | Honkai: Star Rail,yukong,A6,Major trace,"Majestas When Roaring Bowstrings is active, Yukong regenerates 2 additional Energy every time an ally takes action."
Yunli Best Build Guide | Honkai: Star Rail,yunli,A2,Major trace,"Fiery Wheel After each use of Intuit: Slash, the next Intuit: Slash will be replaced by Intuit: Cull."
Yunli Best Build Guide | Honkai: Star Rail,yunli,A4,Major trace,"Demon Quell While in the Parry state, resists Crowd Control debuffs received and reduces DMG received by 20% ."
Yunli Best Build Guide | Honkai: Star Rail,yunli,A6,Major trace,"True Sunder When using a Counter, increases Yunli's ATK by 30% , lasting for 1 turn."
