name,slug,rarity,element,path,hp,atk,def,spd,minor_hp_pct,minor_atk_pct,minor_def_pct,minor_spd,minor_crit_rate_pct,minor_crit_dmg_pct,minor_break_effect_pct,minor_effect_res_pct,minor_effect_hit_rate_pct,minor_outgoing_healing_pct,minor_energy_regen_pct,minor_physical_dmg_pct,minor_fire_dmg_pct,minor_ice_dmg_pct,minor_lightning_dmg_pct,minor_wind_dmg_pct,minor_quantum_dmg_pct,minor_imaginary_dmg_pct,hp_with_minor_traces,atk_with_minor_traces,def_with_minor_traces,spd_with_minor_traces,minor_trace_stats_json,source_url
Acheron Best Build Guide | Honkai: Star Rail,acheron,5,Lightning,Nihility,1125,698,436,101,,28,,,,24,,,,,,,,,8,,,,1125.0,893.44,436.0,101.0,"{""minor_atk_pct"": ""28"", ""minor_break_effect_pct"": """", ""minor_crit_dmg_pct"": ""24"", ""minor_crit_rate_pct"": """", ""minor_def_pct"": """", ""minor_effect_hit_rate_pct"": """", ""minor_effect_res_pct"": """", ""minor_energy_regen_pct"": """", ""minor_fire_dmg_pct"": """", ""minor_hp_pct"": """", ""minor_ice_dmg_pct"": """", ""minor_imaginary_dmg_pct"": """", ""minor_lightning_dmg_pct"": ""8"", ""minor_outgoing_healing_pct"": """", ""minor_physical_dmg_pct"": """", ""minor_quantum_dmg_pct"": """", ""minor_spd"": """", ""minor_wind_dmg_pct"": """"}",file://D:\backup\zero cycling\html\html_pages\acheron.html
Aglaea Best Build Guide | Honkai: Star Rail,aglaea,5,Lightning,Remembrance,1241,698,485,102,,,12.5,,12,,,,,,,,,,22.4,,,,1241.0,698.0,545.625,102.0,"{""minor_atk_pct"": """", ""minor_break_effect_pct"": """", ""minor_crit_dmg_pct"": """", ""minor_crit_rate_pct"": ""12"", ""minor_def_pct"": ""12.5"", ""minor_effect_hit_rate_pct"": """", ""minor_effect_res_pct"": """", ""minor_energy_regen_pct"": """", ""minor_fire_dmg_pct"": """", ""minor_hp_pct"": """", ""minor_ice_dmg_pct"": """", ""minor_imaginary_dmg_pct"": """", ""minor_lightning_dmg_pct"": ""22.4"", ""minor_outgoing_healing_pct"": """", ""minor_physical_dmg_pct"": """", ""minor_quantum_dmg_pct"": """", ""minor_spd"": """", ""minor_wind_dmg_pct"": """"}",file://D:\backup\zero cycling\html\html_pages\aglaea.html
Anaxa Best Build Guide | Honkai: Star Rail,anaxa,5,Wind,Erudition,970,756,557,97,10,,,,12,,,,,,,,,,,22.4,,,1067.0,756.0,557.0,97.0,"{""minor_atk_pct"": """", ""minor_break_effect_pct"": """", ""minor_crit_dmg_pct"": """", ""minor_crit_rate_pct"": ""12"", ""minor_def_pct"": """", ""minor_effect_hit_rate_pct"": """", ""minor_effect_res_pct"": """", ""minor_energy_regen_pct"": """", ""minor_fire_dmg_pct"": """", ""minor_hp_pct"": ""10"", ""minor_ice_dmg_pct"": """", ""minor_imaginary_dmg_pct"": """", ""minor_lightning_dmg_pct"": """", ""minor_outgoing_healing_pct"": """", ""minor_physical_dmg_pct"": """", ""minor_quantum_dmg_pct"": """", ""minor_spd"": """", ""minor_wind_dmg_pct"": ""22.4""}",file://D:\backup\zero cycling\html\html_pages\anaxa.html
Archer Best Build Guide | Honkai: Star Rail,archer,5,Quantum,Hunt,1164,620,485,105,,18,,,6.7,,,,,,,,,,,,22.4,,1164.0,731.6,485.0,105.0,"{""minor_atk_pct"": ""18"", ""minor_break_effect_pct"": """", ""minor_crit_dmg_pct"": """", ""minor_crit_rate_pct"": ""6.7"", ""minor_def_pct"": """", ""minor_effect_hit_rate_pct"": """", ""minor_effect_res_pct"": """", ""minor_energy_regen_pct"": """", ""minor_fire_dmg_pct"": """", ""minor_hp_pct"": """", ""minor_ice_dmg_pct"": """", ""minor_imaginary_dmg_pct"": """", ""minor_lightning_dmg_pct"": """", ""minor_outgoing_healing_pct"": """", ""minor_physical_dmg_pct"": """", ""minor_quantum_dmg_pct"": ""22.4"", ""minor_spd"": """", ""minor_wind_dmg_pct"": """"}",file://D:\backup\zero cycling\html\html_pages\archer.html
Argenti Best Build Guide | Honkai: Star Rail,argenti,5,Physical,Erudition,1047,737,363,103,10,28,,,,,,,,,,14.4,,,,,,,1151.7,943.36,363.0,103.0,"{""minor_atk_pct"": ""28"", ""minor_break_effect_pct"": """", ""minor_crit_dmg_pct"": """", ""minor_crit_rate_pct"": """", ""minor_def_pct"": """", ""minor_effect_hit_rate_pct"": """", ""minor_effect_res_pct"": """", ""minor_energy_regen_pct"": """", ""minor_fire_dmg_pct"": """", ""minor_hp_pct"": ""10"", ""minor_ice_dmg_pct"": """", ""minor_imaginary_dmg_pct"": """", ""minor_lightning_dmg_pct"": """", ""minor_outgoing_healing_pct"": """", ""minor_physical_dmg_pct"": ""14.4"", ""minor_quantum_dmg_pct"": """", ""minor_spd"": """", ""minor_wind_dmg_pct"": """"}",file://D:\backup\zero cycling\html\html_pages\argenti.html
Arlan Best Build Guide | Honkai: Star Rail,arlan,4,Lightning,Destruction,1199,599,330,102,10,28,,,,,,18,,,,,,,,,,,1318.9,766.72,330.0,102.0,"{""minor_atk_pct"": ""28"", ""minor_break_effect_pct"": """", ""minor_crit_dmg_pct"": """", ""minor_crit_rate_pct"": """", ""minor_def_pct"": """", ""minor_effect_hit_rate_pct"": """", ""minor_effect_res_pct"": ""18"", ""minor_energy_regen_pct"": """", ""minor_fire_dmg_pct"": """", ""minor_hp_pct"": ""10"", ""minor_ice_dmg_pct"": """", ""minor_imaginary_dmg_pct"": """", ""minor_lightning_dmg_pct"": """", ""minor_outgoing_healing_pct"": """", ""minor_physical_dmg_pct"": """", ""minor_quantum_dmg_pct"": """", ""minor_spd"": """", ""minor_wind_dmg_pct"": """"}",file://D:\backup\zero cycling\html\html_pages\arlan.html
Ashveil Best Build Guide | Honkai: Star Rail,ashveil,5,Lightning,Hunt,852,771,382,106,,,,,,37.3,,,,,,,,,14.4,,,,852.0,771.0,382.0,106.0,"{""minor_atk_pct"": """", ""minor_break_effect_pct"": """", ""minor_crit_dmg_pct"": ""37.3"", ""minor_crit_rate_pct"": """", ""minor_def_pct"": """", ""minor_effect_hit_rate_pct"": """", ""minor_effect_res_pct"": """", ""minor_energy_regen_pct"": """", ""minor_fire_dmg_pct"": """", ""minor_hp_pct"": """", ""minor_ice_dmg_pct"": """", ""minor_imaginary_dmg_pct"": """", ""minor_lightning_dmg_pct"": ""14.4"", ""minor_outgoing_healing_pct"": """", ""minor_physical_dmg_pct"": """", ""minor_quantum_dmg_pct"": """", ""minor_spd"": """", ""minor_wind_dmg_pct"": """"}",file://D:\backup\zero cycling\html\html_pages\ashveil.html
Asta Best Build Guide | Honkai: Star Rail,asta,4,Fire,Harmony,1023,511,463,106,,,22.5,,6.7,,,,,,,,22.4,,,,,,1023.0,511.0,567.175,106.0,"{""minor_atk_pct"": """", ""minor_break_effect_pct"": """", ""minor_crit_dmg_pct"": """", ""minor_crit_rate_pct"": ""6.7"", ""minor_def_pct"": ""22.5"", ""minor_effect_hit_rate_pct"": """", ""minor_effect_res_pct"": """", ""minor_energy_regen_pct"": """", ""minor_fire_dmg_pct"": ""22.4"", ""minor_hp_pct"": """", ""minor_ice_dmg_pct"": """", ""minor_imaginary_dmg_pct"": """", ""minor_lightning_dmg_pct"": """", ""minor_outgoing_healing_pct"": """", ""minor_physical_dmg_pct"": """", ""minor_quantum_dmg_pct"": """", ""minor_spd"": """", ""minor_wind_dmg_pct"": """"}",file://D:\backup\zero cycling\html\html_pages\asta.html
Aventurine Waveflair Best Build Guide | Honkai: Star Rail,aventurine-waveflair,5,Quantum,Elation,,,,,,,,,,,,,,,,,,,,,,,,,,,"{""minor_atk_pct"": """", ""minor_break_effect_pct"": """", ""minor_crit_dmg_pct"": """", ""minor_crit_rate_pct"": """", ""minor_def_pct"": """", ""minor_effect_hit_rate_pct"": """", ""minor_effect_res_pct"": """", ""minor_energy_regen_pct"": """", ""minor_fire_dmg_pct"": """", ""minor_hp_pct"": """", ""minor_ice_dmg_pct"": """", ""minor_imaginary_dmg_pct"": """", ""minor_lightning_dmg_pct"": """", ""minor_outgoing_healing_pct"": """", ""minor_physical_dmg_pct"": """", ""minor_quantum_dmg_pct"": """", ""minor_spd"": """", ""minor_wind_dmg_pct"": """"}",file://D:\backup\zero cycling\html\html_pages\aventurine-waveflair.html
Aventurine Best Build Guide | Honkai: Star Rail,aventurine,5,Imaginary,Preservation,1203,446,654,106,,,35,,,,,10,,,,,,,,,,14.4,1203.0,446.0,882.9,106.0,"{""minor_atk_pct"": """", ""minor_break_effect_pct"": """", ""minor_crit_dmg_pct"": """", ""minor_crit_rate_pct"": """", ""minor_def_pct"": ""35"", ""minor_effect_hit_rate_pct"": """", ""minor_effect_res_pct"": ""10"", ""minor_energy_regen_pct"": """", ""minor_fire_dmg_pct"": """", ""minor_hp_pct"": """", ""minor_ice_dmg_pct"": """", ""minor_imaginary_dmg_pct"": ""14.4"", ""minor_lightning_dmg_pct"": """", ""minor_outgoing_healing_pct"": """", ""minor_physical_dmg_pct"": """", ""minor_quantum_dmg_pct"": """", ""minor_spd"": """", ""minor_wind_dmg_pct"": """"}",file://D:\backup\zero cycling\html\html_pages\aventurine.html
Bailu Best Build Guide | Honkai: Star Rail,bailu,5,Lightning,Abundance,1319,562,485,98,28,,22.5,,,,,10,,,,,,,,,,,1688.32,562.0,594.125,98.0,"{""minor_atk_pct"": """", ""minor_break_effect_pct"": """", ""minor_crit_dmg_pct"": """", ""minor_crit_rate_pct"": """", ""minor_def_pct"": ""22.5"", ""minor_effect_hit_rate_pct"": """", ""minor_effect_res_pct"": ""10"", ""minor_energy_regen_pct"": """", ""minor_fire_dmg_pct"": """", ""minor_hp_pct"": ""28"", ""minor_ice_dmg_pct"": """", ""minor_imaginary_dmg_pct"": """", ""minor_lightning_dmg_pct"": """", ""minor_outgoing_healing_pct"": """", ""minor_physical_dmg_pct"": """", ""minor_quantum_dmg_pct"": """", ""minor_spd"": """", ""minor_wind_dmg_pct"": """"}",file://D:\backup\zero cycling\html\html_pages\bailu.html
Black Swan Best Build Guide | Honkai: Star Rail,black-swan,5,Wind,Nihility,1086,659,485,102,,28,,,,,,,10,,,,,,,14.4,,,1086.0,843.52,485.0,102.0,"{""minor_atk_pct"": ""28"", ""minor_break_effect_pct"": """", ""minor_crit_dmg_pct"": """", ""minor_crit_rate_pct"": """", ""minor_def_pct"": """", ""minor_effect_hit_rate_pct"": ""10"", ""minor_effect_res_pct"": """", ""minor_energy_regen_pct"": """", ""minor_fire_dmg_pct"": """", ""minor_hp_pct"": """", ""minor_ice_dmg_pct"": """", ""minor_imaginary_dmg_pct"": """", ""minor_lightning_dmg_pct"": """", ""minor_outgoing_healing_pct"": """", ""minor_physical_dmg_pct"": """", ""minor_quantum_dmg_pct"": """", ""minor_spd"": """", ""minor_wind_dmg_pct"": ""14.4""}",file://D:\backup\zero cycling\html\html_pages\black-swan.html
Mortenax Blade Best Build Guide | Honkai: Star Rail,blade-mortenax,5,Fire,Nihility,1359,543,485,107,,,,,12,,,,,,,,22.4,,,,,,1359.0,543.0,485.0,107.0,"{""minor_atk_pct"": """", ""minor_break_effect_pct"": """", ""minor_crit_dmg_pct"": """", ""minor_crit_rate_pct"": ""12"", ""minor_def_pct"": """", ""minor_effect_hit_rate_pct"": """", ""minor_effect_res_pct"": """", ""minor_energy_regen_pct"": """", ""minor_fire_dmg_pct"": ""22.4"", ""minor_hp_pct"": """", ""minor_ice_dmg_pct"": """", ""minor_imaginary_dmg_pct"": """", ""minor_lightning_dmg_pct"": """", ""minor_outgoing_healing_pct"": """", ""minor_physical_dmg_pct"": """", ""minor_quantum_dmg_pct"": """", ""minor_spd"": """", ""minor_wind_dmg_pct"": """"}",file://D:\backup\zero cycling\html\html_pages\blade-mortenax.html
Blade Best Build Guide | Honkai: Star Rail,blade,5,Wind,Destruction,1358,543,485,97,28,,,,12,,,10,,,,,,,,,,,1738.24,543.0,485.0,97.0,"{""minor_atk_pct"": """", ""minor_break_effect_pct"": """", ""minor_crit_dmg_pct"": """", ""minor_crit_rate_pct"": ""12"", ""minor_def_pct"": """", ""minor_effect_hit_rate_pct"": """", ""minor_effect_res_pct"": ""10"", ""minor_energy_regen_pct"": """", ""minor_fire_dmg_pct"": """", ""minor_hp_pct"": ""28"", ""minor_ice_dmg_pct"": """", ""minor_imaginary_dmg_pct"": """", ""minor_lightning_dmg_pct"": """", ""minor_outgoing_healing_pct"": """", ""minor_physical_dmg_pct"": """", ""minor_quantum_dmg_pct"": """", ""minor_spd"": """", ""minor_wind_dmg_pct"": """"}",file://D:\backup\zero cycling\html\html_pages\blade.html
Boothill Best Build Guide | Honkai: Star Rail,boothill,5,Physical,Hunt,1203,620,436,107,10,18,,,,,37.3,,,,,,,,,,,,1323.3,731.6,436.0,107.0,"{""minor_atk_pct"": ""18"", ""minor_break_effect_pct"": ""37.3"", ""minor_crit_dmg_pct"": """", ""minor_crit_rate_pct"": """", ""minor_def_pct"": """", ""minor_effect_hit_rate_pct"": """", ""minor_effect_res_pct"": """", ""minor_energy_regen_pct"": """", ""minor_fire_dmg_pct"": """", ""minor_hp_pct"": ""10"", ""minor_ice_dmg_pct"": """", ""minor_imaginary_dmg_pct"": """", ""minor_lightning_dmg_pct"": """", ""minor_outgoing_healing_pct"": """", ""minor_physical_dmg_pct"": """", ""minor_quantum_dmg_pct"": """", ""minor_spd"": """", ""minor_wind_dmg_pct"": """"}",file://D:\backup\zero cycling\html\html_pages\boothill.html
Bronya Best Build Guide | Honkai: Star Rail,bronya,5,Wind,Harmony,1241,582,533,99,,,,,,24,,10,,,,,,,,22.4,,,1241.0,582.0,533.0,99.0,"{""minor_atk_pct"": """", ""minor_break_effect_pct"": """", ""minor_crit_dmg_pct"": ""24"", ""minor_crit_rate_pct"": """", ""minor_def_pct"": """", ""minor_effect_hit_rate_pct"": """", ""minor_effect_res_pct"": ""10"", ""minor_energy_regen_pct"": """", ""minor_fire_dmg_pct"": """", ""minor_hp_pct"": """", ""minor_ice_dmg_pct"": """", ""minor_imaginary_dmg_pct"": """", ""minor_lightning_dmg_pct"": """", ""minor_outgoing_healing_pct"": """", ""minor_physical_dmg_pct"": """", ""minor_quantum_dmg_pct"": """", ""minor_spd"": """", ""minor_wind_dmg_pct"": ""22.4""}",file://D:\backup\zero cycling\html\html_pages\bronya.html
Castorice Best Build Guide | Honkai: Star Rail,castorice,5,Quantum,Remembrance,1631,523,485,95,,,,,18.7,13.3,,,,,,,,,,,14.4,,1631.0,523.0,485.0,95.0,"{""minor_atk_pct"": """", ""minor_break_effect_pct"": """", ""minor_crit_dmg_pct"": ""13.3"", ""minor_crit_rate_pct"": ""18.7"", ""minor_def_pct"": """", ""minor_effect_hit_rate_pct"": """", ""minor_effect_res_pct"": """", ""minor_energy_regen_pct"": """", ""minor_fire_dmg_pct"": """", ""minor_hp_pct"": """", ""minor_ice_dmg_pct"": """", ""minor_imaginary_dmg_pct"": """", ""minor_lightning_dmg_pct"": """", ""minor_outgoing_healing_pct"": """", ""minor_physical_dmg_pct"": """", ""minor_quantum_dmg_pct"": ""14.4"", ""minor_spd"": """", ""minor_wind_dmg_pct"": """"}",file://D:\backup\zero cycling\html\html_pages\castorice.html
Cerydra Best Build Guide | Honkai: Star Rail,cerydra,5,Wind,Harmony,1358,620,485,99,10,18,,,,,,,,,,,,,,22.4,,,1493.8,731.6,485.0,99.0,"{""minor_atk_pct"": ""18"", ""minor_break_effect_pct"": """", ""minor_crit_dmg_pct"": """", ""minor_crit_rate_pct"": """", ""minor_def_pct"": """", ""minor_effect_hit_rate_pct"": """", ""minor_effect_res_pct"": """", ""minor_energy_regen_pct"": """", ""minor_fire_dmg_pct"": """", ""minor_hp_pct"": ""10"", ""minor_ice_dmg_pct"": """", ""minor_imaginary_dmg_pct"": """", ""minor_lightning_dmg_pct"": """", ""minor_outgoing_healing_pct"": """", ""minor_physical_dmg_pct"": """", ""minor_quantum_dmg_pct"": """", ""minor_spd"": """", ""minor_wind_dmg_pct"": ""22.4""}",file://D:\backup\zero cycling\html\html_pages\cerydra.html
Cipher Best Build Guide | Honkai: Star Rail,cipher,5,Quantum,Nihility,931,640,509,106,,,,14,,,,,10,,,,,,,,14.4,,931.0,640.0,509.0,120.0,"{""minor_atk_pct"": """", ""minor_break_effect_pct"": """", ""minor_crit_dmg_pct"": """", ""minor_crit_rate_pct"": """", ""minor_def_pct"": """", ""minor_effect_hit_rate_pct"": ""10"", ""minor_effect_res_pct"": """", ""minor_energy_regen_pct"": """", ""minor_fire_dmg_pct"": """", ""minor_hp_pct"": """", ""minor_ice_dmg_pct"": """", ""minor_imaginary_dmg_pct"": """", ""minor_lightning_dmg_pct"": """", ""minor_outgoing_healing_pct"": """", ""minor_physical_dmg_pct"": """", ""minor_quantum_dmg_pct"": ""14.4"", ""minor_spd"": ""14"", ""minor_wind_dmg_pct"": """"}",file://D:\backup\zero cycling\html\html_pages\cipher.html
Clara Best Build Guide | Honkai: Star Rail,clara,5,Physical,Destruction,1319,737,485,90,10,28,,,,,,,,,,14.4,,,,,,,1450.9,943.36,485.0,90.0,"{""minor_atk_pct"": ""28"", ""minor_break_effect_pct"": """", ""minor_crit_dmg_pct"": """", ""minor_crit_rate_pct"": """", ""minor_def_pct"": """", ""minor_effect_hit_rate_pct"": """", ""minor_effect_res_pct"": """", ""minor_energy_regen_pct"": """", ""minor_fire_dmg_pct"": """", ""minor_hp_pct"": ""10"", ""minor_ice_dmg_pct"": """", ""minor_imaginary_dmg_pct"": """", ""minor_lightning_dmg_pct"": """", ""minor_outgoing_healing_pct"": """", ""minor_physical_dmg_pct"": ""14.4"", ""minor_quantum_dmg_pct"": """", ""minor_spd"": """", ""minor_wind_dmg_pct"": """"}",file://D:\backup\zero cycling\html\html_pages\clara.html
Cyrene Best Build Guide | Honkai: Star Rail,cyrene,5,Ice,Remembrance,1396,446,582,101,10,,,9,,37.3,,,,,,,,,,,,,1535.6,446.0,582.0,110.0,"{""minor_atk_pct"": """", ""minor_break_effect_pct"": """", ""minor_crit_dmg_pct"": ""37.3"", ""minor_crit_rate_pct"": """", ""minor_def_pct"": """", ""minor_effect_hit_rate_pct"": """", ""minor_effect_res_pct"": """", ""minor_energy_regen_pct"": """", ""minor_fire_dmg_pct"": """", ""minor_hp_pct"": ""10"", ""minor_ice_dmg_pct"": """", ""minor_imaginary_dmg_pct"": """", ""minor_lightning_dmg_pct"": """", ""minor_outgoing_healing_pct"": """", ""minor_physical_dmg_pct"": """", ""minor_quantum_dmg_pct"": """", ""minor_spd"": ""9"", ""minor_wind_dmg_pct"": """"}",file://D:\backup\zero cycling\html\html_pages\cyrene.html
Dan Heng • Permansor Terrae Best Build Guide | Honkai: Star Rail,dan-heng-permansor-terrae,5,Physical,Preservation,1047,582,776,97,,28,22.5,5,,,,,,,,,,,,,,,1047.0,744.96,950.6,102.0,"{""minor_atk_pct"": ""28"", ""minor_break_effect_pct"": """", ""minor_crit_dmg_pct"": """", ""minor_crit_rate_pct"": """", ""minor_def_pct"": ""22.5"", ""minor_effect_hit_rate_pct"": """", ""minor_effect_res_pct"": """", ""minor_energy_regen_pct"": """", ""minor_fire_dmg_pct"": """", ""minor_hp_pct"": """", ""minor_ice_dmg_pct"": """", ""minor_imaginary_dmg_pct"": """", ""minor_lightning_dmg_pct"": """", ""minor_outgoing_healing_pct"": """", ""minor_physical_dmg_pct"": """", ""minor_quantum_dmg_pct"": """", ""minor_spd"": ""5"", ""minor_wind_dmg_pct"": """"}",file://D:\backup\zero cycling\html\html_pages\dan-heng-permansor-terrae.html
Dan Heng Best Build Guide | Honkai: Star Rail,dan-heng,4,Wind,Hunt,882,546,396,110,,18,12.5,,,,,,,,,,,,,22.4,,,882.0,644.28,445.5,110.0,"{""minor_atk_pct"": ""18"", ""minor_break_effect_pct"": """", ""minor_crit_dmg_pct"": """", ""minor_crit_rate_pct"": """", ""minor_def_pct"": ""12.5"", ""minor_effect_hit_rate_pct"": """", ""minor_effect_res_pct"": """", ""minor_energy_regen_pct"": """", ""minor_fire_dmg_pct"": """", ""minor_hp_pct"": """", ""minor_ice_dmg_pct"": """", ""minor_imaginary_dmg_pct"": """", ""minor_lightning_dmg_pct"": """", ""minor_outgoing_healing_pct"": """", ""minor_physical_dmg_pct"": """", ""minor_quantum_dmg_pct"": """", ""minor_spd"": """", ""minor_wind_dmg_pct"": ""22.4""}",file://D:\backup\zero cycling\html\html_pages\dan-heng.html
Dr. Ratio Best Build Guide | Honkai: Star Rail,dr-ratio,5,Imaginary,Hunt,1047,776,460,103,,28,12.5,,12,,,,,,,,,,,,,,1047.0,993.28,517.5,103.0,"{""minor_atk_pct"": ""28"", ""minor_break_effect_pct"": """", ""minor_crit_dmg_pct"": """", ""minor_crit_rate_pct"": ""12"", ""minor_def_pct"": ""12.5"", ""minor_effect_hit_rate_pct"": """", ""minor_effect_res_pct"": """", ""minor_energy_regen_pct"": """", ""minor_fire_dmg_pct"": """", ""minor_hp_pct"": """", ""minor_ice_dmg_pct"": """", ""minor_imaginary_dmg_pct"": """", ""minor_lightning_dmg_pct"": """", ""minor_outgoing_healing_pct"": """", ""minor_physical_dmg_pct"": """", ""minor_quantum_dmg_pct"": """", ""minor_spd"": """", ""minor_wind_dmg_pct"": """"}",file://D:\backup\zero cycling\html\html_pages\dr-ratio.html
Evanescia Best Build Guide | Honkai: Star Rail,evanescia,5,Physical,Elation,1051,737,460,104,,,,5,18.7,,,,,,,,,,,,,,1051.0,737.0,460.0,109.0,"{""minor_atk_pct"": """", ""minor_break_effect_pct"": """", ""minor_crit_dmg_pct"": """", ""minor_crit_rate_pct"": ""18.7"", ""minor_def_pct"": """", ""minor_effect_hit_rate_pct"": """", ""minor_effect_res_pct"": """", ""minor_energy_regen_pct"": """", ""minor_fire_dmg_pct"": """", ""minor_hp_pct"": """", ""minor_ice_dmg_pct"": """", ""minor_imaginary_dmg_pct"": """", ""minor_lightning_dmg_pct"": """", ""minor_outgoing_healing_pct"": """", ""minor_physical_dmg_pct"": """", ""minor_quantum_dmg_pct"": """", ""minor_spd"": ""5"", ""minor_wind_dmg_pct"": """"}",file://D:\backup\zero cycling\html\html_pages\evanescia.html
Feixiao Best Build Guide | Honkai: Star Rail,feixiao,5,Wind,Hunt,1051,601,388,112,,28,12.5,,12,,,,,,,,,,,,,,1051.0,769.28,436.5,112.0,"{""minor_atk_pct"": ""28"", ""minor_break_effect_pct"": """", ""minor_crit_dmg_pct"": """", ""minor_crit_rate_pct"": ""12"", ""minor_def_pct"": ""12.5"", ""minor_effect_hit_rate_pct"": """", ""minor_effect_res_pct"": """", ""minor_energy_regen_pct"": """", ""minor_fire_dmg_pct"": """", ""minor_hp_pct"": """", ""minor_ice_dmg_pct"": """", ""minor_imaginary_dmg_pct"": """", ""minor_lightning_dmg_pct"": """", ""minor_outgoing_healing_pct"": """", ""minor_physical_dmg_pct"": """", ""minor_quantum_dmg_pct"": """", ""minor_spd"": """", ""minor_wind_dmg_pct"": """"}",file://D:\backup\zero cycling\html\html_pages\feixiao.html
Firefly Best Build Guide | Honkai: Star Rail,firefly,5,Fire,Destruction,814,523,776,104,,,,5,,,37.3,18,,,,,,,,,,,814.0,523.0,776.0,109.0,"{""minor_atk_pct"": """", ""minor_break_effect_pct"": ""37.3"", ""minor_crit_dmg_pct"": """", ""minor_crit_rate_pct"": """", ""minor_def_pct"": """", ""minor_effect_hit_rate_pct"": """", ""minor_effect_res_pct"": ""18"", ""minor_energy_regen_pct"": """", ""minor_fire_dmg_pct"": """", ""minor_hp_pct"": """", ""minor_ice_dmg_pct"": """", ""minor_imaginary_dmg_pct"": """", ""minor_lightning_dmg_pct"": """", ""minor_outgoing_healing_pct"": """", ""minor_physical_dmg_pct"": """", ""minor_quantum_dmg_pct"": """", ""minor_spd"": ""5"", ""minor_wind_dmg_pct"": """"}",file://D:\backup\zero cycling\html\html_pages\firefly.html
Fu Xuan Best Build Guide | Honkai: Star Rail,fu-xuan,5,Quantum,Preservation,1474,465,606,100,18,,,,18.7,,,10,,,,,,,,,,,1739.32,465.0,606.0,100.0,"{""minor_atk_pct"": """", ""minor_break_effect_pct"": """", ""minor_crit_dmg_pct"": """", ""minor_crit_rate_pct"": ""18.7"", ""minor_def_pct"": """", ""minor_effect_hit_rate_pct"": """", ""minor_effect_res_pct"": ""10"", ""minor_energy_regen_pct"": """", ""minor_fire_dmg_pct"": """", ""minor_hp_pct"": ""18"", ""minor_ice_dmg_pct"": """", ""minor_imaginary_dmg_pct"": """", ""minor_lightning_dmg_pct"": """", ""minor_outgoing_healing_pct"": """", ""minor_physical_dmg_pct"": """", ""minor_quantum_dmg_pct"": """", ""minor_spd"": """", ""minor_wind_dmg_pct"": """"}",file://D:\backup\zero cycling\html\html_pages\fu-xuan.html
Gallagher Best Build Guide | Honkai: Star Rail,gallagher,4,Fire,Abundance,1305,529,441,98,18,,,,,,13.3,28,,,,,,,,,,,1539.9,529.0,441.0,98.0,"{""minor_atk_pct"": """", ""minor_break_effect_pct"": ""13.3"", ""minor_crit_dmg_pct"": """", ""minor_crit_rate_pct"": """", ""minor_def_pct"": """", ""minor_effect_hit_rate_pct"": """", ""minor_effect_res_pct"": ""28"", ""minor_energy_regen_pct"": """", ""minor_fire_dmg_pct"": """", ""minor_hp_pct"": ""18"", ""minor_ice_dmg_pct"": """", ""minor_imaginary_dmg_pct"": """", ""minor_lightning_dmg_pct"": """", ""minor_outgoing_healing_pct"": """", ""minor_physical_dmg_pct"": """", ""minor_quantum_dmg_pct"": """", ""minor_spd"": """", ""minor_wind_dmg_pct"": """"}",file://D:\backup\zero cycling\html\html_pages\gallagher.html
Gepard Best Build Guide | Honkai: Star Rail,gepard,5,Ice,Preservation,1397,543,654,92,,,12.5,,,,,18,,,,,,22.4,,,,,1397.0,543.0,735.75,92.0,"{""minor_atk_pct"": """", ""minor_break_effect_pct"": """", ""minor_crit_dmg_pct"": """", ""minor_crit_rate_pct"": """", ""minor_def_pct"": ""12.5"", ""minor_effect_hit_rate_pct"": """", ""minor_effect_res_pct"": ""18"", ""minor_energy_regen_pct"": """", ""minor_fire_dmg_pct"": """", ""minor_hp_pct"": """", ""minor_ice_dmg_pct"": ""22.4"", ""minor_imaginary_dmg_pct"": """", ""minor_lightning_dmg_pct"": """", ""minor_outgoing_healing_pct"": """", ""minor_physical_dmg_pct"": """", ""minor_quantum_dmg_pct"": """", ""minor_spd"": """", ""minor_wind_dmg_pct"": """"}",file://D:\backup\zero cycling\html\html_pages\gepard.html
Gilgamesh Best Build Guide | Honkai: Star Rail,gilgamesh,5,Lightning,Destruction,1124,717,509,97,,18,,,18.7,,,,,,,,,,8,,,,1124.0,846.06,509.0,97.0,"{""minor_atk_pct"": ""18"", ""minor_break_effect_pct"": """", ""minor_crit_dmg_pct"": """", ""minor_crit_rate_pct"": ""18.7"", ""minor_def_pct"": """", ""minor_effect_hit_rate_pct"": """", ""minor_effect_res_pct"": """", ""minor_energy_regen_pct"": """", ""minor_fire_dmg_pct"": """", ""minor_hp_pct"": """", ""minor_ice_dmg_pct"": """", ""minor_imaginary_dmg_pct"": """", ""minor_lightning_dmg_pct"": ""8"", ""minor_outgoing_healing_pct"": """", ""minor_physical_dmg_pct"": """", ""minor_quantum_dmg_pct"": """", ""minor_spd"": """", ""minor_wind_dmg_pct"": """"}",file://D:\backup\zero cycling\html\html_pages\gilgamesh.html
Guinaifen Best Build Guide | Honkai: Star Rail,guinaifen,4,Fire,Nihility,882,582,441,106,,,,,,,24,,10,,,,22.4,,,,,,882.0,582.0,441.0,106.0,"{""minor_atk_pct"": """", ""minor_break_effect_pct"": ""24"", ""minor_crit_dmg_pct"": """", ""minor_crit_rate_pct"": """", ""minor_def_pct"": """", ""minor_effect_hit_rate_pct"": ""10"", ""minor_effect_res_pct"": """", ""minor_energy_regen_pct"": """", ""minor_fire_dmg_pct"": ""22.4"", ""minor_hp_pct"": """", ""minor_ice_dmg_pct"": """", ""minor_imaginary_dmg_pct"": """", ""minor_lightning_dmg_pct"": """", ""minor_outgoing_healing_pct"": """", ""minor_physical_dmg_pct"": """", ""minor_quantum_dmg_pct"": """", ""minor_spd"": """", ""minor_wind_dmg_pct"": """"}",file://D:\backup\zero cycling\html\html_pages\guinaifen.html
Hanya Best Build Guide | Honkai: Star Rail,hanya,4,Physical,Harmony,917,564,352,110,10,28,,9,,,,,,,,,,,,,,,1008.7,721.92,352.0,119.0,"{""minor_atk_pct"": ""28"", ""minor_break_effect_pct"": """", ""minor_crit_dmg_pct"": """", ""minor_crit_rate_pct"": """", ""minor_def_pct"": """", ""minor_effect_hit_rate_pct"": """", ""minor_effect_res_pct"": """", ""minor_energy_regen_pct"": """", ""minor_fire_dmg_pct"": """", ""minor_hp_pct"": ""10"", ""minor_ice_dmg_pct"": """", ""minor_imaginary_dmg_pct"": """", ""minor_lightning_dmg_pct"": """", ""minor_outgoing_healing_pct"": """", ""minor_physical_dmg_pct"": """", ""minor_quantum_dmg_pct"": """", ""minor_spd"": ""9"", ""minor_wind_dmg_pct"": """"}",file://D:\backup\zero cycling\html\html_pages\hanya.html
Herta Best Build Guide | Honkai: Star Rail,herta,4,Ice,Erudition,952,582,396,100,,,22.5,,6.7,,,,,,,,,22.4,,,,,952.0,582.0,485.1,100.0,"{""minor_atk_pct"": """", ""minor_break_effect_pct"": """", ""minor_crit_dmg_pct"": """", ""minor_crit_rate_pct"": ""6.7"", ""minor_def_pct"": ""22.5"", ""minor_effect_hit_rate_pct"": """", ""minor_effect_res_pct"": """", ""minor_energy_regen_pct"": """", ""minor_fire_dmg_pct"": """", ""minor_hp_pct"": """", ""minor_ice_dmg_pct"": ""22.4"", ""minor_imaginary_dmg_pct"": """", ""minor_lightning_dmg_pct"": """", ""minor_outgoing_healing_pct"": """", ""minor_physical_dmg_pct"": """", ""minor_quantum_dmg_pct"": """", ""minor_spd"": """", ""minor_wind_dmg_pct"": """"}",file://D:\backup\zero cycling\html\html_pages\herta.html
Himeko Nova Best Build Guide | Honkai: Star Rail,himeko-nova,5,Fire,Erudition,1124,756,485,98,,28,,,12,,,,,,,,8,,,,,,1124.0,967.68,485.0,98.0,"{""minor_atk_pct"": ""28"", ""minor_break_effect_pct"": """", ""minor_crit_dmg_pct"": """", ""minor_crit_rate_pct"": ""12"", ""minor_def_pct"": """", ""minor_effect_hit_rate_pct"": """", ""minor_effect_res_pct"": """", ""minor_energy_regen_pct"": """", ""minor_fire_dmg_pct"": ""8"", ""minor_hp_pct"": """", ""minor_ice_dmg_pct"": """", ""minor_imaginary_dmg_pct"": """", ""minor_lightning_dmg_pct"": """", ""minor_outgoing_healing_pct"": """", ""minor_physical_dmg_pct"": """", ""minor_quantum_dmg_pct"": """", ""minor_spd"": """", ""minor_wind_dmg_pct"": """"}",file://D:\backup\zero cycling\html\html_pages\himeko-nova.html
Himeko Best Build Guide | Honkai: Star Rail,himeko,5,Fire,Erudition,1047,756,436,96,,18,,,,,,10,,,,,22.4,,,,,,1047.0,892.08,436.0,96.0,"{""minor_atk_pct"": ""18"", ""minor_break_effect_pct"": """", ""minor_crit_dmg_pct"": """", ""minor_crit_rate_pct"": """", ""minor_def_pct"": """", ""minor_effect_hit_rate_pct"": """", ""minor_effect_res_pct"": ""10"", ""minor_energy_regen_pct"": """", ""minor_fire_dmg_pct"": ""22.4"", ""minor_hp_pct"": """", ""minor_ice_dmg_pct"": """", ""minor_imaginary_dmg_pct"": """", ""minor_lightning_dmg_pct"": """", ""minor_outgoing_healing_pct"": """", ""minor_physical_dmg_pct"": """", ""minor_quantum_dmg_pct"": """", ""minor_spd"": """", ""minor_wind_dmg_pct"": """"}",file://D:\backup\zero cycling\html\html_pages\himeko.html
Hook Best Build Guide | Honkai: Star Rail,hook,4,Fire,Destruction,1340,617,352,94,18,28,,,,13.3,,,,,,,,,,,,,1581.2,789.76,352.0,94.0,"{""minor_atk_pct"": ""28"", ""minor_break_effect_pct"": """", ""minor_crit_dmg_pct"": ""13.3"", ""minor_crit_rate_pct"": """", ""minor_def_pct"": """", ""minor_effect_hit_rate_pct"": """", ""minor_effect_res_pct"": """", ""minor_energy_regen_pct"": """", ""minor_fire_dmg_pct"": """", ""minor_hp_pct"": ""18"", ""minor_ice_dmg_pct"": """", ""minor_imaginary_dmg_pct"": """", ""minor_lightning_dmg_pct"": """", ""minor_outgoing_healing_pct"": """", ""minor_physical_dmg_pct"": """", ""minor_quantum_dmg_pct"": """", ""minor_spd"": """", ""minor_wind_dmg_pct"": """"}",file://D:\backup\zero cycling\html\html_pages\hook.html
Huohuo Best Build Guide | Honkai: Star Rail,huohuo,5,Wind,Abundance,1358,601,509,98,28,,,5,,,,18,,,,,,,,,,,1738.24,601.0,509.0,103.0,"{""minor_atk_pct"": """", ""minor_break_effect_pct"": """", ""minor_crit_dmg_pct"": """", ""minor_crit_rate_pct"": """", ""minor_def_pct"": """", ""minor_effect_hit_rate_pct"": """", ""minor_effect_res_pct"": ""18"", ""minor_energy_regen_pct"": """", ""minor_fire_dmg_pct"": """", ""minor_hp_pct"": ""28"", ""minor_ice_dmg_pct"": """", ""minor_imaginary_dmg_pct"": """", ""minor_lightning_dmg_pct"": """", ""minor_outgoing_healing_pct"": """", ""minor_physical_dmg_pct"": """", ""minor_quantum_dmg_pct"": """", ""minor_spd"": ""5"", ""minor_wind_dmg_pct"": """"}",file://D:\backup\zero cycling\html\html_pages\huohuo.html
Hyacine Best Build Guide | Honkai: Star Rail,hyacine,5,Wind,Remembrance,1087,388,630,110,10,,,14,,,,18,,,,,,,,,,,1195.7,388.0,630.0,124.0,"{""minor_atk_pct"": """", ""minor_break_effect_pct"": """", ""minor_crit_dmg_pct"": """", ""minor_crit_rate_pct"": """", ""minor_def_pct"": """", ""minor_effect_hit_rate_pct"": """", ""minor_effect_res_pct"": ""18"", ""minor_energy_regen_pct"": """", ""minor_fire_dmg_pct"": """", ""minor_hp_pct"": ""10"", ""minor_ice_dmg_pct"": """", ""minor_imaginary_dmg_pct"": """", ""minor_lightning_dmg_pct"": """", ""minor_outgoing_healing_pct"": """", ""minor_physical_dmg_pct"": """", ""minor_quantum_dmg_pct"": """", ""minor_spd"": ""14"", ""minor_wind_dmg_pct"": """"}",file://D:\backup\zero cycling\html\html_pages\hyacine.html
Hysilens Best Build Guide | Honkai: Star Rail,hysilens,5,Physical,Nihility,1205,601,485,102,,18,,14,,,,,10,,,,,,,,,,1205.0,709.18,485.0,116.0,"{""minor_atk_pct"": ""18"", ""minor_break_effect_pct"": """", ""minor_crit_dmg_pct"": """", ""minor_crit_rate_pct"": """", ""minor_def_pct"": """", ""minor_effect_hit_rate_pct"": ""10"", ""minor_effect_res_pct"": """", ""minor_energy_regen_pct"": """", ""minor_fire_dmg_pct"": """", ""minor_hp_pct"": """", ""minor_ice_dmg_pct"": """", ""minor_imaginary_dmg_pct"": """", ""minor_lightning_dmg_pct"": """", ""minor_outgoing_healing_pct"": """", ""minor_physical_dmg_pct"": """", ""minor_quantum_dmg_pct"": """", ""minor_spd"": ""14"", ""minor_wind_dmg_pct"": """"}",file://D:\backup\zero cycling\html\html_pages\hysilens.html
Dan Heng • Imbibitor Lunae Best Build Guide | Honkai: Star Rail,imbibitor-lunae,5,Imaginary,Destruction,1241,698,363,102,10,,,,12,,,,,,,,,,,,,22.4,1365.1,698.0,363.0,102.0,"{""minor_atk_pct"": """", ""minor_break_effect_pct"": """", ""minor_crit_dmg_pct"": """", ""minor_crit_rate_pct"": ""12"", ""minor_def_pct"": """", ""minor_effect_hit_rate_pct"": """", ""minor_effect_res_pct"": """", ""minor_energy_regen_pct"": """", ""minor_fire_dmg_pct"": """", ""minor_hp_pct"": ""10"", ""minor_ice_dmg_pct"": """", ""minor_imaginary_dmg_pct"": ""22.4"", ""minor_lightning_dmg_pct"": """", ""minor_outgoing_healing_pct"": """", ""minor_physical_dmg_pct"": """", ""minor_quantum_dmg_pct"": """", ""minor_spd"": """", ""minor_wind_dmg_pct"": """"}",file://D:\backup\zero cycling\html\html_pages\imbibitor-lunae.html
Jade Best Build Guide | Honkai: Star Rail,jade,5,Quantum,Erudition,1086,659,509,103,,18,,,,,,10,,,,,,,,,22.4,,1086.0,777.62,509.0,103.0,"{""minor_atk_pct"": ""18"", ""minor_break_effect_pct"": """", ""minor_crit_dmg_pct"": """", ""minor_crit_rate_pct"": """", ""minor_def_pct"": """", ""minor_effect_hit_rate_pct"": """", ""minor_effect_res_pct"": ""10"", ""minor_energy_regen_pct"": """", ""minor_fire_dmg_pct"": """", ""minor_hp_pct"": """", ""minor_ice_dmg_pct"": """", ""minor_imaginary_dmg_pct"": """", ""minor_lightning_dmg_pct"": """", ""minor_outgoing_healing_pct"": """", ""minor_physical_dmg_pct"": """", ""minor_quantum_dmg_pct"": ""22.4"", ""minor_spd"": """", ""minor_wind_dmg_pct"": """"}",file://D:\backup\zero cycling\html\html_pages\jade.html
Jiaoqiu Best Build Guide | Honkai: Star Rail,jiaoqiu,5,Fire,Nihility,1358,601,509,98,,,,5,,,,,28,,,,14.4,,,,,,1358.0,601.0,509.0,103.0,"{""minor_atk_pct"": """", ""minor_break_effect_pct"": """", ""minor_crit_dmg_pct"": """", ""minor_crit_rate_pct"": """", ""minor_def_pct"": """", ""minor_effect_hit_rate_pct"": ""28"", ""minor_effect_res_pct"": """", ""minor_energy_regen_pct"": """", ""minor_fire_dmg_pct"": ""14.4"", ""minor_hp_pct"": """", ""minor_ice_dmg_pct"": """", ""minor_imaginary_dmg_pct"": """", ""minor_lightning_dmg_pct"": """", ""minor_outgoing_healing_pct"": """", ""minor_physical_dmg_pct"": """", ""minor_quantum_dmg_pct"": """", ""minor_spd"": ""5"", ""minor_wind_dmg_pct"": """"}",file://D:\backup\zero cycling\html\html_pages\jiaoqiu.html
Jing Yuan Best Build Guide | Honkai: Star Rail,jing-yuan,5,Lightning,Erudition,1164,698,485,99,,28,12.5,,12,,,,,,,,,,,,,,1164.0,893.44,545.625,99.0,"{""minor_atk_pct"": ""28"", ""minor_break_effect_pct"": """", ""minor_crit_dmg_pct"": """", ""minor_crit_rate_pct"": ""12"", ""minor_def_pct"": ""12.5"", ""minor_effect_hit_rate_pct"": """", ""minor_effect_res_pct"": """", ""minor_energy_regen_pct"": """", ""minor_fire_dmg_pct"": """", ""minor_hp_pct"": """", ""minor_ice_dmg_pct"": """", ""minor_imaginary_dmg_pct"": """", ""minor_lightning_dmg_pct"": """", ""minor_outgoing_healing_pct"": """", ""minor_physical_dmg_pct"": """", ""minor_quantum_dmg_pct"": """", ""minor_spd"": """", ""minor_wind_dmg_pct"": """"}",file://D:\backup\zero cycling\html\html_pages\jing-yuan.html
Jingliu Best Build Guide | Honkai: Star Rail,jingliu,5,Ice,Destruction,1435,679,485,96,10,,,9,,37.3,,,,,,,,,,,,,1578.5,679.0,485.0,105.0,"{""minor_atk_pct"": """", ""minor_break_effect_pct"": """", ""minor_crit_dmg_pct"": ""37.3"", ""minor_crit_rate_pct"": """", ""minor_def_pct"": """", ""minor_effect_hit_rate_pct"": """", ""minor_effect_res_pct"": """", ""minor_energy_regen_pct"": """", ""minor_fire_dmg_pct"": """", ""minor_hp_pct"": ""10"", ""minor_ice_dmg_pct"": """", ""minor_imaginary_dmg_pct"": """", ""minor_lightning_dmg_pct"": """", ""minor_outgoing_healing_pct"": """", ""minor_physical_dmg_pct"": """", ""minor_quantum_dmg_pct"": """", ""minor_spd"": ""9"", ""minor_wind_dmg_pct"": """"}",file://D:\backup\zero cycling\html\html_pages\jingliu.html
Kafka Best Build Guide | Honkai: Star Rail,kafka,5,Lightning,Nihility,1086,679,485,100,10,28,,,,,,,18,,,,,,,,,,1194.6,869.12,485.0,100.0,"{""minor_atk_pct"": ""28"", ""minor_break_effect_pct"": """", ""minor_crit_dmg_pct"": """", ""minor_crit_rate_pct"": """", ""minor_def_pct"": """", ""minor_effect_hit_rate_pct"": ""18"", ""minor_effect_res_pct"": """", ""minor_energy_regen_pct"": """", ""minor_fire_dmg_pct"": """", ""minor_hp_pct"": ""10"", ""minor_ice_dmg_pct"": """", ""minor_imaginary_dmg_pct"": """", ""minor_lightning_dmg_pct"": """", ""minor_outgoing_healing_pct"": """", ""minor_physical_dmg_pct"": """", ""minor_quantum_dmg_pct"": """", ""minor_spd"": """", ""minor_wind_dmg_pct"": """"}",file://D:\backup\zero cycling\html\html_pages\kafka.html
Lingsha Best Build Guide | Honkai: Star Rail,lingsha,5,Fire,Abundance,1358,679,436,98,18,10,,,,,37.3,,,,,,,,,,,,1602.44,746.9,436.0,98.0,"{""minor_atk_pct"": ""10"", ""minor_break_effect_pct"": ""37.3"", ""minor_crit_dmg_pct"": """", ""minor_crit_rate_pct"": """", ""minor_def_pct"": """", ""minor_effect_hit_rate_pct"": """", ""minor_effect_res_pct"": """", ""minor_energy_regen_pct"": """", ""minor_fire_dmg_pct"": """", ""minor_hp_pct"": ""18"", ""minor_ice_dmg_pct"": """", ""minor_imaginary_dmg_pct"": """", ""minor_lightning_dmg_pct"": """", ""minor_outgoing_healing_pct"": """", ""minor_physical_dmg_pct"": """", ""minor_quantum_dmg_pct"": """", ""minor_spd"": """", ""minor_wind_dmg_pct"": """"}",file://D:\backup\zero cycling\html\html_pages\lingsha.html
Luka Best Build Guide | Honkai: Star Rail,luka,4,Physical,Nihility,917,582,485,103,,28,12.5,,,,,,18,,,,,,,,,,917.0,744.96,545.625,103.0,"{""minor_atk_pct"": ""28"", ""minor_break_effect_pct"": """", ""minor_crit_dmg_pct"": """", ""minor_crit_rate_pct"": """", ""minor_def_pct"": ""12.5"", ""minor_effect_hit_rate_pct"": ""18"", ""minor_effect_res_pct"": """", ""minor_energy_regen_pct"": """", ""minor_fire_dmg_pct"": """", ""minor_hp_pct"": """", ""minor_ice_dmg_pct"": """", ""minor_imaginary_dmg_pct"": """", ""minor_lightning_dmg_pct"": """", ""minor_outgoing_healing_pct"": """", ""minor_physical_dmg_pct"": """", ""minor_quantum_dmg_pct"": """", ""minor_spd"": """", ""minor_wind_dmg_pct"": """"}",file://D:\backup\zero cycling\html\html_pages\luka.html
Luocha Best Build Guide | Honkai: Star Rail,luocha,5,Imaginary,Abundance,1280,756,363,101,18,28,12.5,,,,,,,,,,,,,,,,1510.4,967.68,408.375,101.0,"{""minor_atk_pct"": ""28"", ""minor_break_effect_pct"": """", ""minor_crit_dmg_pct"": """", ""minor_crit_rate_pct"": """", ""minor_def_pct"": ""12.5"", ""minor_effect_hit_rate_pct"": """", ""minor_effect_res_pct"": """", ""minor_energy_regen_pct"": """", ""minor_fire_dmg_pct"": """", ""minor_hp_pct"": ""18"", ""minor_ice_dmg_pct"": """", ""minor_imaginary_dmg_pct"": """", ""minor_lightning_dmg_pct"": """", ""minor_outgoing_healing_pct"": """", ""minor_physical_dmg_pct"": """", ""minor_quantum_dmg_pct"": """", ""minor_spd"": """", ""minor_wind_dmg_pct"": """"}",file://D:\backup\zero cycling\html\html_pages\luocha.html
Lynx Best Build Guide | Honkai: Star Rail,lynx,4,Quantum,Abundance,1058,493,551,100,28,,22.5,,,,,10,,,,,,,,,,,1354.24,493.0,674.975,100.0,"{""minor_atk_pct"": """", ""minor_break_effect_pct"": """", ""minor_crit_dmg_pct"": """", ""minor_crit_rate_pct"": """", ""minor_def_pct"": ""22.5"", ""minor_effect_hit_rate_pct"": """", ""minor_effect_res_pct"": ""10"", ""minor_energy_regen_pct"": """", ""minor_fire_dmg_pct"": """", ""minor_hp_pct"": ""28"", ""minor_ice_dmg_pct"": """", ""minor_imaginary_dmg_pct"": """", ""minor_lightning_dmg_pct"": """", ""minor_outgoing_healing_pct"": """", ""minor_physical_dmg_pct"": """", ""minor_quantum_dmg_pct"": """", ""minor_spd"": """", ""minor_wind_dmg_pct"": """"}",file://D:\backup\zero cycling\html\html_pages\lynx.html
March 7th • Evernight Best Build Guide | Honkai: Star Rail,march-7th-evernight,5,Ice,Remembrance,1323,543,582,99,18,,,,18.7,13.3,,,,,,,,,,,,,1561.14,543.0,582.0,99.0,"{""minor_atk_pct"": """", ""minor_break_effect_pct"": """", ""minor_crit_dmg_pct"": ""13.3"", ""minor_crit_rate_pct"": ""18.7"", ""minor_def_pct"": """", ""minor_effect_hit_rate_pct"": """", ""minor_effect_res_pct"": """", ""minor_energy_regen_pct"": """", ""minor_fire_dmg_pct"": """", ""minor_hp_pct"": ""18"", ""minor_ice_dmg_pct"": """", ""minor_imaginary_dmg_pct"": """", ""minor_lightning_dmg_pct"": """", ""minor_outgoing_healing_pct"": """", ""minor_physical_dmg_pct"": """", ""minor_quantum_dmg_pct"": """", ""minor_spd"": """", ""minor_wind_dmg_pct"": """"}",file://D:\backup\zero cycling\html\html_pages\march-7th-evernight.html
March 7th • The Hunt Best Build Guide | Honkai: Star Rail,march-7th-swordmaster,4,Imaginary,Hunt,1058,564,441,102,,28,10,,,24,,,,,,,,,,,,,1058.0,721.92,485.1,102.0,"{""minor_atk_pct"": ""28"", ""minor_break_effect_pct"": """", ""minor_crit_dmg_pct"": ""24"", ""minor_crit_rate_pct"": """", ""minor_def_pct"": ""10"", ""minor_effect_hit_rate_pct"": """", ""minor_effect_res_pct"": """", ""minor_energy_regen_pct"": """", ""minor_fire_dmg_pct"": """", ""minor_hp_pct"": """", ""minor_ice_dmg_pct"": """", ""minor_imaginary_dmg_pct"": """", ""minor_lightning_dmg_pct"": """", ""minor_outgoing_healing_pct"": """", ""minor_physical_dmg_pct"": """", ""minor_quantum_dmg_pct"": """", ""minor_spd"": """", ""minor_wind_dmg_pct"": """"}",file://D:\backup\zero cycling\html\html_pages\march-7th-swordmaster.html
March 7th Best Build Guide | Honkai: Star Rail,march-7th,4,Ice,Preservation,1058,511,573,101,,,22.5,,,,,10,,,,,,22.4,,,,,1058.0,511.0,701.925,101.0,"{""minor_atk_pct"": """", ""minor_break_effect_pct"": """", ""minor_crit_dmg_pct"": """", ""minor_crit_rate_pct"": """", ""minor_def_pct"": ""22.5"", ""minor_effect_hit_rate_pct"": """", ""minor_effect_res_pct"": ""10"", ""minor_energy_regen_pct"": """", ""minor_fire_dmg_pct"": """", ""minor_hp_pct"": """", ""minor_ice_dmg_pct"": ""22.4"", ""minor_imaginary_dmg_pct"": """", ""minor_lightning_dmg_pct"": """", ""minor_outgoing_healing_pct"": """", ""minor_physical_dmg_pct"": """", ""minor_quantum_dmg_pct"": """", ""minor_spd"": """", ""minor_wind_dmg_pct"": """"}",file://D:\backup\zero cycling\html\html_pages\march-7th.html
Misha Best Build Guide | Honkai: Star Rail,misha,4,Ice,Destruction,1270,599,396,96,,,22.5,,6.7,,,,,,,,,22.4,,,,,1270.0,599.0,485.1,96.0,"{""minor_atk_pct"": """", ""minor_break_effect_pct"": """", ""minor_crit_dmg_pct"": """", ""minor_crit_rate_pct"": ""6.7"", ""minor_def_pct"": ""22.5"", ""minor_effect_hit_rate_pct"": """", ""minor_effect_res_pct"": """", ""minor_energy_regen_pct"": """", ""minor_fire_dmg_pct"": """", ""minor_hp_pct"": """", ""minor_ice_dmg_pct"": ""22.4"", ""minor_imaginary_dmg_pct"": """", ""minor_lightning_dmg_pct"": """", ""minor_outgoing_healing_pct"": """", ""minor_physical_dmg_pct"": """", ""minor_quantum_dmg_pct"": """", ""minor_spd"": """", ""minor_wind_dmg_pct"": """"}",file://D:\backup\zero cycling\html\html_pages\misha.html
Moze Best Build Guide | Honkai: Star Rail,moze,4,Lightning,Hunt,808,599,352,111,10,18,,,,37.3,,,,,,,,,,,,,888.8,706.82,352.0,111.0,"{""minor_atk_pct"": ""18"", ""minor_break_effect_pct"": """", ""minor_crit_dmg_pct"": ""37.3"", ""minor_crit_rate_pct"": """", ""minor_def_pct"": """", ""minor_effect_hit_rate_pct"": """", ""minor_effect_res_pct"": """", ""minor_energy_regen_pct"": """", ""minor_fire_dmg_pct"": """", ""minor_hp_pct"": ""10"", ""minor_ice_dmg_pct"": """", ""minor_imaginary_dmg_pct"": """", ""minor_lightning_dmg_pct"": """", ""minor_outgoing_healing_pct"": """", ""minor_physical_dmg_pct"": """", ""minor_quantum_dmg_pct"": """", ""minor_spd"": """", ""minor_wind_dmg_pct"": """"}",file://D:\backup\zero cycling\html\html_pages\moze.html
Mydei Best Build Guide | Honkai: Star Rail,mydei,5,Imaginary,Destruction,1552,426,194,95,18,,,5,,37.3,,,,,,,,,,,,,1831.36,426.0,194.0,100.0,"{""minor_atk_pct"": """", ""minor_break_effect_pct"": """", ""minor_crit_dmg_pct"": ""37.3"", ""minor_crit_rate_pct"": """", ""minor_def_pct"": """", ""minor_effect_hit_rate_pct"": """", ""minor_effect_res_pct"": """", ""minor_energy_regen_pct"": """", ""minor_fire_dmg_pct"": """", ""minor_hp_pct"": ""18"", ""minor_ice_dmg_pct"": """", ""minor_imaginary_dmg_pct"": """", ""minor_lightning_dmg_pct"": """", ""minor_outgoing_healing_pct"": """", ""minor_physical_dmg_pct"": """", ""minor_quantum_dmg_pct"": """", ""minor_spd"": ""5"", ""minor_wind_dmg_pct"": """"}",file://D:\backup\zero cycling\html\html_pages\mydei.html
Natasha Best Build Guide | Honkai: Star Rail,natasha,4,Physical,Abundance,1164,476,507,98,28,,12.5,,,,,18,,,,,,,,,,,1489.92,476.0,570.375,98.0,"{""minor_atk_pct"": """", ""minor_break_effect_pct"": """", ""minor_crit_dmg_pct"": """", ""minor_crit_rate_pct"": """", ""minor_def_pct"": ""12.5"", ""minor_effect_hit_rate_pct"": """", ""minor_effect_res_pct"": ""18"", ""minor_energy_regen_pct"": """", ""minor_fire_dmg_pct"": """", ""minor_hp_pct"": ""28"", ""minor_ice_dmg_pct"": """", ""minor_imaginary_dmg_pct"": """", ""minor_lightning_dmg_pct"": """", ""minor_outgoing_healing_pct"": """", ""minor_physical_dmg_pct"": """", ""minor_quantum_dmg_pct"": """", ""minor_spd"": """", ""minor_wind_dmg_pct"": """"}",file://D:\backup\zero cycling\html\html_pages\natasha.html
Pearl Best Build Guide | Honkai: Star Rail,pearl,5,Ice,Elation,,,,,,,,,,,,,,,,,,,,,,,,,,,"{""minor_atk_pct"": """", ""minor_break_effect_pct"": """", ""minor_crit_dmg_pct"": """", ""minor_crit_rate_pct"": """", ""minor_def_pct"": """", ""minor_effect_hit_rate_pct"": """", ""minor_effect_res_pct"": """", ""minor_energy_regen_pct"": """", ""minor_fire_dmg_pct"": """", ""minor_hp_pct"": """", ""minor_ice_dmg_pct"": """", ""minor_imaginary_dmg_pct"": """", ""minor_lightning_dmg_pct"": """", ""minor_outgoing_healing_pct"": """", ""minor_physical_dmg_pct"": """", ""minor_quantum_dmg_pct"": """", ""minor_spd"": """", ""minor_wind_dmg_pct"": """"}",file://D:\backup\zero cycling\html\html_pages\pearl.html
Pela Best Build Guide | Honkai: Star Rail,pela,4,Ice,Nihility,987,546,463,105,,18,,,,,,,10,,,,,22.4,,,,,987.0,644.28,463.0,105.0,"{""minor_atk_pct"": ""18"", ""minor_break_effect_pct"": """", ""minor_crit_dmg_pct"": """", ""minor_crit_rate_pct"": """", ""minor_def_pct"": """", ""minor_effect_hit_rate_pct"": ""10"", ""minor_effect_res_pct"": """", ""minor_energy_regen_pct"": """", ""minor_fire_dmg_pct"": """", ""minor_hp_pct"": """", ""minor_ice_dmg_pct"": ""22.4"", ""minor_imaginary_dmg_pct"": """", ""minor_lightning_dmg_pct"": """", ""minor_outgoing_healing_pct"": """", ""minor_physical_dmg_pct"": """", ""minor_quantum_dmg_pct"": """", ""minor_spd"": """", ""minor_wind_dmg_pct"": """"}",file://D:\backup\zero cycling\html\html_pages\pela.html
Phainon Best Build Guide | Honkai: Star Rail,phainon,5,Physical,Destruction,1433,582,703,94,,,,5,12,37.3,,,,,,,,,,,,,1433.0,582.0,703.0,99.0,"{""minor_atk_pct"": """", ""minor_break_effect_pct"": """", ""minor_crit_dmg_pct"": ""37.3"", ""minor_crit_rate_pct"": ""12"", ""minor_def_pct"": """", ""minor_effect_hit_rate_pct"": """", ""minor_effect_res_pct"": """", ""minor_energy_regen_pct"": """", ""minor_fire_dmg_pct"": """", ""minor_hp_pct"": """", ""minor_ice_dmg_pct"": """", ""minor_imaginary_dmg_pct"": """", ""minor_lightning_dmg_pct"": """", ""minor_outgoing_healing_pct"": """", ""minor_physical_dmg_pct"": """", ""minor_quantum_dmg_pct"": """", ""minor_spd"": ""5"", ""minor_wind_dmg_pct"": """"}",file://D:\backup\zero cycling\html\html_pages\phainon.html
Qingque Best Build Guide | Honkai: Star Rail,qingque,4,Quantum,Erudition,1023,652,441,98,,28,12.5,,,,,,,,,,,,,,14.4,,1023.0,834.56,496.125,98.0,"{""minor_atk_pct"": ""28"", ""minor_break_effect_pct"": """", ""minor_crit_dmg_pct"": """", ""minor_crit_rate_pct"": """", ""minor_def_pct"": ""12.5"", ""minor_effect_hit_rate_pct"": """", ""minor_effect_res_pct"": """", ""minor_energy_regen_pct"": """", ""minor_fire_dmg_pct"": """", ""minor_hp_pct"": """", ""minor_ice_dmg_pct"": """", ""minor_imaginary_dmg_pct"": """", ""minor_lightning_dmg_pct"": """", ""minor_outgoing_healing_pct"": """", ""minor_physical_dmg_pct"": """", ""minor_quantum_dmg_pct"": ""14.4"", ""minor_spd"": """", ""minor_wind_dmg_pct"": """"}",file://D:\backup\zero cycling\html\html_pages\qingque.html
Rappa Best Build Guide | Honkai: Star Rail,rappa,5,Imaginary,Erudition,1087,717,460,96,,28,,9,,,13.3,,,,,,,,,,,,1087.0,917.76,460.0,105.0,"{""minor_atk_pct"": ""28"", ""minor_break_effect_pct"": ""13.3"", ""minor_crit_dmg_pct"": """", ""minor_crit_rate_pct"": """", ""minor_def_pct"": """", ""minor_effect_hit_rate_pct"": """", ""minor_effect_res_pct"": """", ""minor_energy_regen_pct"": """", ""minor_fire_dmg_pct"": """", ""minor_hp_pct"": """", ""minor_ice_dmg_pct"": """", ""minor_imaginary_dmg_pct"": """", ""minor_lightning_dmg_pct"": """", ""minor_outgoing_healing_pct"": """", ""minor_physical_dmg_pct"": """", ""minor_quantum_dmg_pct"": """", ""minor_spd"": ""9"", ""minor_wind_dmg_pct"": """"}",file://D:\backup\zero cycling\html\html_pages\rappa.html
Rin Tohsaka Best Build Guide | Honkai: Star Rail,rin-tohsaka,5,Quantum,Erudition,1051,698,460,102,,18,,,,37.3,,,,,,,,,,,8,,1051.0,823.64,460.0,102.0,"{""minor_atk_pct"": ""18"", ""minor_break_effect_pct"": """", ""minor_crit_dmg_pct"": ""37.3"", ""minor_crit_rate_pct"": """", ""minor_def_pct"": """", ""minor_effect_hit_rate_pct"": """", ""minor_effect_res_pct"": """", ""minor_energy_regen_pct"": """", ""minor_fire_dmg_pct"": """", ""minor_hp_pct"": """", ""minor_ice_dmg_pct"": """", ""minor_imaginary_dmg_pct"": """", ""minor_lightning_dmg_pct"": """", ""minor_outgoing_healing_pct"": """", ""minor_physical_dmg_pct"": """", ""minor_quantum_dmg_pct"": ""8"", ""minor_spd"": """", ""minor_wind_dmg_pct"": """"}",file://D:\backup\zero cycling\html\html_pages\rin-tohsaka.html
Robin Summeretto Best Build Guide | Honkai: Star Rail,robin-summeretto,5,Wind,Remembrance,1205,601,485,98,18,,,14,6.7,,,,,,,,,,,,,,1421.9,601.0,485.0,112.0,"{""minor_atk_pct"": """", ""minor_break_effect_pct"": """", ""minor_crit_dmg_pct"": """", ""minor_crit_rate_pct"": ""6.7"", ""minor_def_pct"": """", ""minor_effect_hit_rate_pct"": """", ""minor_effect_res_pct"": """", ""minor_energy_regen_pct"": """", ""minor_fire_dmg_pct"": """", ""minor_hp_pct"": ""18"", ""minor_ice_dmg_pct"": """", ""minor_imaginary_dmg_pct"": """", ""minor_lightning_dmg_pct"": """", ""minor_outgoing_healing_pct"": """", ""minor_physical_dmg_pct"": """", ""minor_quantum_dmg_pct"": """", ""minor_spd"": ""14"", ""minor_wind_dmg_pct"": """"}",file://D:\backup\zero cycling\html\html_pages\robin-summeretto.html
Robin Best Build Guide | Honkai: Star Rail,robin,5,Physical,Harmony,1280,640,485,102,18,28,,5,,,,,,,,,,,,,,,1510.4,819.2,485.0,107.0,"{""minor_atk_pct"": ""28"", ""minor_break_effect_pct"": """", ""minor_crit_dmg_pct"": """", ""minor_crit_rate_pct"": """", ""minor_def_pct"": """", ""minor_effect_hit_rate_pct"": """", ""minor_effect_res_pct"": """", ""minor_energy_regen_pct"": """", ""minor_fire_dmg_pct"": """", ""minor_hp_pct"": ""18"", ""minor_ice_dmg_pct"": """", ""minor_imaginary_dmg_pct"": """", ""minor_lightning_dmg_pct"": """", ""minor_outgoing_healing_pct"": """", ""minor_physical_dmg_pct"": """", ""minor_quantum_dmg_pct"": """", ""minor_spd"": ""5"", ""minor_wind_dmg_pct"": """"}",file://D:\backup\zero cycling\html\html_pages\robin.html
Ruan Mei Best Build Guide | Honkai: Star Rail,ruan-mei,5,Ice,Harmony,1086,659,485,104,,,22.5,5,,,37.3,,,,,,,,,,,,1086.0,659.0,594.125,109.0,"{""minor_atk_pct"": """", ""minor_break_effect_pct"": ""37.3"", ""minor_crit_dmg_pct"": """", ""minor_crit_rate_pct"": """", ""minor_def_pct"": ""22.5"", ""minor_effect_hit_rate_pct"": """", ""minor_effect_res_pct"": """", ""minor_energy_regen_pct"": """", ""minor_fire_dmg_pct"": """", ""minor_hp_pct"": """", ""minor_ice_dmg_pct"": """", ""minor_imaginary_dmg_pct"": """", ""minor_lightning_dmg_pct"": """", ""minor_outgoing_healing_pct"": """", ""minor_physical_dmg_pct"": """", ""minor_quantum_dmg_pct"": """", ""minor_spd"": ""5"", ""minor_wind_dmg_pct"": """"}",file://D:\backup\zero cycling\html\html_pages\ruan-mei.html
Saber Best Build Guide | Honkai: Star Rail,saber,5,Wind,Destruction,1241,601,654,101,10,,,,12,,,,,,,,,,,22.4,,,1365.1,601.0,654.0,101.0,"{""minor_atk_pct"": """", ""minor_break_effect_pct"": """", ""minor_crit_dmg_pct"": """", ""minor_crit_rate_pct"": ""12"", ""minor_def_pct"": """", ""minor_effect_hit_rate_pct"": """", ""minor_effect_res_pct"": """", ""minor_energy_regen_pct"": """", ""minor_fire_dmg_pct"": """", ""minor_hp_pct"": ""10"", ""minor_ice_dmg_pct"": """", ""minor_imaginary_dmg_pct"": """", ""minor_lightning_dmg_pct"": """", ""minor_outgoing_healing_pct"": """", ""minor_physical_dmg_pct"": """", ""minor_quantum_dmg_pct"": """", ""minor_spd"": """", ""minor_wind_dmg_pct"": ""22.4""}",file://D:\backup\zero cycling\html\html_pages\saber.html
Sampo Best Build Guide | Honkai: Star Rail,sampo,4,Wind,Nihility,1023,617,396,102,,28,,,,,,10,18,,,,,,,,,,1023.0,789.76,396.0,102.0,"{""minor_atk_pct"": ""28"", ""minor_break_effect_pct"": """", ""minor_crit_dmg_pct"": """", ""minor_crit_rate_pct"": """", ""minor_def_pct"": """", ""minor_effect_hit_rate_pct"": ""18"", ""minor_effect_res_pct"": ""10"", ""minor_energy_regen_pct"": """", ""minor_fire_dmg_pct"": """", ""minor_hp_pct"": """", ""minor_ice_dmg_pct"": """", ""minor_imaginary_dmg_pct"": """", ""minor_lightning_dmg_pct"": """", ""minor_outgoing_healing_pct"": """", ""minor_physical_dmg_pct"": """", ""minor_quantum_dmg_pct"": """", ""minor_spd"": """", ""minor_wind_dmg_pct"": """"}",file://D:\backup\zero cycling\html\html_pages\sampo.html
Seele Best Build Guide | Honkai: Star Rail,seele,5,Quantum,Hunt,931,640,363,115,,28,12.5,,,24,,,,,,,,,,,,,931.0,819.2,408.375,115.0,"{""minor_atk_pct"": ""28"", ""minor_break_effect_pct"": """", ""minor_crit_dmg_pct"": ""24"", ""minor_crit_rate_pct"": """", ""minor_def_pct"": ""12.5"", ""minor_effect_hit_rate_pct"": """", ""minor_effect_res_pct"": """", ""minor_energy_regen_pct"": """", ""minor_fire_dmg_pct"": """", ""minor_hp_pct"": """", ""minor_ice_dmg_pct"": """", ""minor_imaginary_dmg_pct"": """", ""minor_lightning_dmg_pct"": """", ""minor_outgoing_healing_pct"": """", ""minor_physical_dmg_pct"": """", ""minor_quantum_dmg_pct"": """", ""minor_spd"": """", ""minor_wind_dmg_pct"": """"}",file://D:\backup\zero cycling\html\html_pages\seele.html
Serval Best Build Guide | Honkai: Star Rail,serval,4,Lightning,Erudition,917,652,374,104,,,,,18.7,,,10,18,,,,,,,,,,917.0,652.0,374.0,104.0,"{""minor_atk_pct"": """", ""minor_break_effect_pct"": """", ""minor_crit_dmg_pct"": """", ""minor_crit_rate_pct"": ""18.7"", ""minor_def_pct"": """", ""minor_effect_hit_rate_pct"": ""18"", ""minor_effect_res_pct"": ""10"", ""minor_energy_regen_pct"": """", ""minor_fire_dmg_pct"": """", ""minor_hp_pct"": """", ""minor_ice_dmg_pct"": """", ""minor_imaginary_dmg_pct"": """", ""minor_lightning_dmg_pct"": """", ""minor_outgoing_healing_pct"": """", ""minor_physical_dmg_pct"": """", ""minor_quantum_dmg_pct"": """", ""minor_spd"": """", ""minor_wind_dmg_pct"": """"}",file://D:\backup\zero cycling\html\html_pages\serval.html
Silver Wolf • Lv. 999 Best Build Guide | Honkai: Star Rail,silver-wolf-lv-999,5,Imaginary,Elation,1051,388,654,110,,,,9,18.7,,,,,,,,,,,,,,1051.0,388.0,654.0,119.0,"{""minor_atk_pct"": """", ""minor_break_effect_pct"": """", ""minor_crit_dmg_pct"": """", ""minor_crit_rate_pct"": ""18.7"", ""minor_def_pct"": """", ""minor_effect_hit_rate_pct"": """", ""minor_effect_res_pct"": """", ""minor_energy_regen_pct"": """", ""minor_fire_dmg_pct"": """", ""minor_hp_pct"": """", ""minor_ice_dmg_pct"": """", ""minor_imaginary_dmg_pct"": """", ""minor_lightning_dmg_pct"": """", ""minor_outgoing_healing_pct"": """", ""minor_physical_dmg_pct"": """", ""minor_quantum_dmg_pct"": """", ""minor_spd"": ""9"", ""minor_wind_dmg_pct"": """"}",file://D:\backup\zero cycling\html\html_pages\silver-wolf-lv-999.html
Silver Wolf Best Build Guide | Honkai: Star Rail,silver-wolf,5,Quantum,Nihility,1047,640,460,107,,28,,,,,,,18,,,,,,,,8,,1047.0,819.2,460.0,107.0,"{""minor_atk_pct"": ""28"", ""minor_break_effect_pct"": """", ""minor_crit_dmg_pct"": """", ""minor_crit_rate_pct"": """", ""minor_def_pct"": """", ""minor_effect_hit_rate_pct"": ""18"", ""minor_effect_res_pct"": """", ""minor_energy_regen_pct"": """", ""minor_fire_dmg_pct"": """", ""minor_hp_pct"": """", ""minor_ice_dmg_pct"": """", ""minor_imaginary_dmg_pct"": """", ""minor_lightning_dmg_pct"": """", ""minor_outgoing_healing_pct"": """", ""minor_physical_dmg_pct"": """", ""minor_quantum_dmg_pct"": ""8"", ""minor_spd"": """", ""minor_wind_dmg_pct"": """"}",file://D:\backup\zero cycling\html\html_pages\silver-wolf.html
Sparkle Best Build Guide | Honkai: Star Rail,sparkle,5,Quantum,Harmony,1397,523,485,101,28,,,,,24,,10,,,,,,,,,,,1788.16,523.0,485.0,101.0,"{""minor_atk_pct"": """", ""minor_break_effect_pct"": """", ""minor_crit_dmg_pct"": ""24"", ""minor_crit_rate_pct"": """", ""minor_def_pct"": """", ""minor_effect_hit_rate_pct"": """", ""minor_effect_res_pct"": ""10"", ""minor_energy_regen_pct"": """", ""minor_fire_dmg_pct"": """", ""minor_hp_pct"": ""28"", ""minor_ice_dmg_pct"": """", ""minor_imaginary_dmg_pct"": """", ""minor_lightning_dmg_pct"": """", ""minor_outgoing_healing_pct"": """", ""minor_physical_dmg_pct"": """", ""minor_quantum_dmg_pct"": """", ""minor_spd"": """", ""minor_wind_dmg_pct"": """"}",file://D:\backup\zero cycling\html\html_pages\sparkle.html
Sparxie Best Build Guide | Honkai: Star Rail,sparxie,5,Fire,Elation,1051,640,460,107,,,,,12,13.3,,,,,,,,,,,,,1051.0,640.0,460.0,107.0,"{""minor_atk_pct"": """", ""minor_break_effect_pct"": """", ""minor_crit_dmg_pct"": ""13.3"", ""minor_crit_rate_pct"": ""12"", ""minor_def_pct"": """", ""minor_effect_hit_rate_pct"": """", ""minor_effect_res_pct"": """", ""minor_energy_regen_pct"": """", ""minor_fire_dmg_pct"": """", ""minor_hp_pct"": """", ""minor_ice_dmg_pct"": """", ""minor_imaginary_dmg_pct"": """", ""minor_lightning_dmg_pct"": """", ""minor_outgoing_healing_pct"": """", ""minor_physical_dmg_pct"": """", ""minor_quantum_dmg_pct"": """", ""minor_spd"": """", ""minor_wind_dmg_pct"": """"}",file://D:\backup\zero cycling\html\html_pages\sparxie.html
Sunday Best Build Guide | Honkai: Star Rail,sunday,5,Imaginary,Harmony,1241,640,533,96,,,12.5,,,37.3,,18,,,,,,,,,,,1241.0,640.0,599.625,96.0,"{""minor_atk_pct"": """", ""minor_break_effect_pct"": """", ""minor_crit_dmg_pct"": ""37.3"", ""minor_crit_rate_pct"": """", ""minor_def_pct"": ""12.5"", ""minor_effect_hit_rate_pct"": """", ""minor_effect_res_pct"": ""18"", ""minor_energy_regen_pct"": """", ""minor_fire_dmg_pct"": """", ""minor_hp_pct"": """", ""minor_ice_dmg_pct"": """", ""minor_imaginary_dmg_pct"": """", ""minor_lightning_dmg_pct"": """", ""minor_outgoing_healing_pct"": """", ""minor_physical_dmg_pct"": """", ""minor_quantum_dmg_pct"": """", ""minor_spd"": """", ""minor_wind_dmg_pct"": """"}",file://D:\backup\zero cycling\html\html_pages\sunday.html
Sushang Best Build Guide | Honkai: Star Rail,sushang,4,Physical,Hunt,917,564,418,107,18,28,12.5,,,,,,,,,,,,,,,,1082.06,721.92,470.25,107.0,"{""minor_atk_pct"": ""28"", ""minor_break_effect_pct"": """", ""minor_crit_dmg_pct"": """", ""minor_crit_rate_pct"": """", ""minor_def_pct"": ""12.5"", ""minor_effect_hit_rate_pct"": """", ""minor_effect_res_pct"": """", ""minor_energy_regen_pct"": """", ""minor_fire_dmg_pct"": """", ""minor_hp_pct"": ""18"", ""minor_ice_dmg_pct"": """", ""minor_imaginary_dmg_pct"": """", ""minor_lightning_dmg_pct"": """", ""minor_outgoing_healing_pct"": """", ""minor_physical_dmg_pct"": """", ""minor_quantum_dmg_pct"": """", ""minor_spd"": """", ""minor_wind_dmg_pct"": """"}",file://D:\backup\zero cycling\html\html_pages\sushang.html
The Dahlia Best Build Guide | Honkai: Star Rail,the-dahlia,5,Fire,Nihility,1087,679,606,96,,,,5,,,37.3,18,,,,,,,,,,,1087.0,679.0,606.0,101.0,"{""minor_atk_pct"": """", ""minor_break_effect_pct"": ""37.3"", ""minor_crit_dmg_pct"": """", ""minor_crit_rate_pct"": """", ""minor_def_pct"": """", ""minor_effect_hit_rate_pct"": """", ""minor_effect_res_pct"": ""18"", ""minor_energy_regen_pct"": """", ""minor_fire_dmg_pct"": """", ""minor_hp_pct"": """", ""minor_ice_dmg_pct"": """", ""minor_imaginary_dmg_pct"": """", ""minor_lightning_dmg_pct"": """", ""minor_outgoing_healing_pct"": """", ""minor_physical_dmg_pct"": """", ""minor_quantum_dmg_pct"": """", ""minor_spd"": ""5"", ""minor_wind_dmg_pct"": """"}",file://D:\backup\zero cycling\html\html_pages\the-dahlia.html
The Herta Best Build Guide | Honkai: Star Rail,the-herta,5,Ice,Erudition,1164,679,485,99,,18,,5,,,,,,,,,,22.4,,,,,1164.0,801.22,485.0,104.0,"{""minor_atk_pct"": ""18"", ""minor_break_effect_pct"": """", ""minor_crit_dmg_pct"": """", ""minor_crit_rate_pct"": """", ""minor_def_pct"": """", ""minor_effect_hit_rate_pct"": """", ""minor_effect_res_pct"": """", ""minor_energy_regen_pct"": """", ""minor_fire_dmg_pct"": """", ""minor_hp_pct"": """", ""minor_ice_dmg_pct"": ""22.4"", ""minor_imaginary_dmg_pct"": """", ""minor_lightning_dmg_pct"": """", ""minor_outgoing_healing_pct"": """", ""minor_physical_dmg_pct"": """", ""minor_quantum_dmg_pct"": """", ""minor_spd"": ""5"", ""minor_wind_dmg_pct"": """"}",file://D:\backup\zero cycling\html\html_pages\the-herta.html
Tingyun • Fugue Best Build Guide | Honkai: Star Rail,tingyun-fugue,5,Fire,Nihility,1125,582,557,102,10,,,14,,,24,,,,,,,,,,,,1237.5,582.0,557.0,116.0,"{""minor_atk_pct"": """", ""minor_break_effect_pct"": ""24"", ""minor_crit_dmg_pct"": """", ""minor_crit_rate_pct"": """", ""minor_def_pct"": """", ""minor_effect_hit_rate_pct"": """", ""minor_effect_res_pct"": """", ""minor_energy_regen_pct"": """", ""minor_fire_dmg_pct"": """", ""minor_hp_pct"": ""10"", ""minor_ice_dmg_pct"": """", ""minor_imaginary_dmg_pct"": """", ""minor_lightning_dmg_pct"": """", ""minor_outgoing_healing_pct"": """", ""minor_physical_dmg_pct"": """", ""minor_quantum_dmg_pct"": """", ""minor_spd"": ""14"", ""minor_wind_dmg_pct"": """"}",file://D:\backup\zero cycling\html\html_pages\tingyun-fugue.html
Tingyun Best Build Guide | Honkai: Star Rail,tingyun,4,Lightning,Harmony,846,529,396,112,,28,22.5,,,,,,,,,,,,8,,,,846.0,677.12,485.1,112.0,"{""minor_atk_pct"": ""28"", ""minor_break_effect_pct"": """", ""minor_crit_dmg_pct"": """", ""minor_crit_rate_pct"": """", ""minor_def_pct"": ""22.5"", ""minor_effect_hit_rate_pct"": """", ""minor_effect_res_pct"": """", ""minor_energy_regen_pct"": """", ""minor_fire_dmg_pct"": """", ""minor_hp_pct"": """", ""minor_ice_dmg_pct"": """", ""minor_imaginary_dmg_pct"": """", ""minor_lightning_dmg_pct"": ""8"", ""minor_outgoing_healing_pct"": """", ""minor_physical_dmg_pct"": """", ""minor_quantum_dmg_pct"": """", ""minor_spd"": """", ""minor_wind_dmg_pct"": """"}",file://D:\backup\zero cycling\html\html_pages\tingyun.html
Topaz & Numby Best Build Guide | Honkai: Star Rail,topaz,5,Fire,Hunt,931,620,412,110,10,,,,12,,,,,,,,22.4,,,,,,1024.1,620.0,412.0,110.0,"{""minor_atk_pct"": """", ""minor_break_effect_pct"": """", ""minor_crit_dmg_pct"": """", ""minor_crit_rate_pct"": ""12"", ""minor_def_pct"": """", ""minor_effect_hit_rate_pct"": """", ""minor_effect_res_pct"": """", ""minor_energy_regen_pct"": """", ""minor_fire_dmg_pct"": ""22.4"", ""minor_hp_pct"": ""10"", ""minor_ice_dmg_pct"": """", ""minor_imaginary_dmg_pct"": """", ""minor_lightning_dmg_pct"": """", ""minor_outgoing_healing_pct"": """", ""minor_physical_dmg_pct"": """", ""minor_quantum_dmg_pct"": """", ""minor_spd"": """", ""minor_wind_dmg_pct"": """"}",file://D:\backup\zero cycling\html\html_pages\topaz.html
Trailblazer • Destruction Best Build Guide | Honkai: Star Rail,trailblazer-destruction,5,Physical,Destruction,1203,620,460,100,18,28,12.5,,,,,,,,,,,,,,,,1419.54,793.6,517.5,100.0,"{""minor_atk_pct"": ""28"", ""minor_break_effect_pct"": """", ""minor_crit_dmg_pct"": """", ""minor_crit_rate_pct"": """", ""minor_def_pct"": ""12.5"", ""minor_effect_hit_rate_pct"": """", ""minor_effect_res_pct"": """", ""minor_energy_regen_pct"": """", ""minor_fire_dmg_pct"": """", ""minor_hp_pct"": ""18"", ""minor_ice_dmg_pct"": """", ""minor_imaginary_dmg_pct"": """", ""minor_lightning_dmg_pct"": """", ""minor_outgoing_healing_pct"": """", ""minor_physical_dmg_pct"": """", ""minor_quantum_dmg_pct"": """", ""minor_spd"": """", ""minor_wind_dmg_pct"": """"}",file://D:\backup\zero cycling\html\html_pages\trailblazer-destruction.html
Trailblazer • Elation Best Build Guide | Honkai: Star Rail,trailblazer-elation,5,Lightning,Elation,1087,465,630,106,,28,,,12,13.3,,,,,,,,,,,,,1087.0,595.2,630.0,106.0,"{""minor_atk_pct"": ""28"", ""minor_break_effect_pct"": """", ""minor_crit_dmg_pct"": ""13.3"", ""minor_crit_rate_pct"": ""12"", ""minor_def_pct"": """", ""minor_effect_hit_rate_pct"": """", ""minor_effect_res_pct"": """", ""minor_energy_regen_pct"": """", ""minor_fire_dmg_pct"": """", ""minor_hp_pct"": """", ""minor_ice_dmg_pct"": """", ""minor_imaginary_dmg_pct"": """", ""minor_lightning_dmg_pct"": """", ""minor_outgoing_healing_pct"": """", ""minor_physical_dmg_pct"": """", ""minor_quantum_dmg_pct"": """", ""minor_spd"": """", ""minor_wind_dmg_pct"": """"}",file://D:\backup\zero cycling\html\html_pages\trailblazer-elation.html
Trailblazer • Harmony Best Build Guide | Honkai: Star Rail,trailblazer-harmony,5,Imaginary,Harmony,1086,446,679,105,,,,,,,37.3,10,,,,,,,,,,14.4,1086.0,446.0,679.0,105.0,"{""minor_atk_pct"": """", ""minor_break_effect_pct"": ""37.3"", ""minor_crit_dmg_pct"": """", ""minor_crit_rate_pct"": """", ""minor_def_pct"": """", ""minor_effect_hit_rate_pct"": """", ""minor_effect_res_pct"": ""10"", ""minor_energy_regen_pct"": """", ""minor_fire_dmg_pct"": """", ""minor_hp_pct"": """", ""minor_ice_dmg_pct"": """", ""minor_imaginary_dmg_pct"": ""14.4"", ""minor_lightning_dmg_pct"": """", ""minor_outgoing_healing_pct"": """", ""minor_physical_dmg_pct"": """", ""minor_quantum_dmg_pct"": """", ""minor_spd"": """", ""minor_wind_dmg_pct"": """"}",file://D:\backup\zero cycling\html\html_pages\trailblazer-harmony.html
Trailblazer • Preservation Best Build Guide | Honkai: Star Rail,trailblazer-preservation,5,Fire,Preservation,1241,601,606,95,10,18,35,,,,,,,,,,,,,,,,1365.1,709.18,818.1,95.0,"{""minor_atk_pct"": ""18"", ""minor_break_effect_pct"": """", ""minor_crit_dmg_pct"": """", ""minor_crit_rate_pct"": """", ""minor_def_pct"": ""35"", ""minor_effect_hit_rate_pct"": """", ""minor_effect_res_pct"": """", ""minor_energy_regen_pct"": """", ""minor_fire_dmg_pct"": """", ""minor_hp_pct"": ""10"", ""minor_ice_dmg_pct"": """", ""minor_imaginary_dmg_pct"": """", ""minor_lightning_dmg_pct"": """", ""minor_outgoing_healing_pct"": """", ""minor_physical_dmg_pct"": """", ""minor_quantum_dmg_pct"": """", ""minor_spd"": """", ""minor_wind_dmg_pct"": """"}",file://D:\backup\zero cycling\html\html_pages\trailblazer-preservation.html
Trailblazer • Remembrance Best Build Guide | Honkai: Star Rail,trailblazer-remembrance,5,Ice,Remembrance,1047,543,630,103,14,14,,,,37.3,,,,,,,,,,,,,1193.58,619.02,630.0,103.0,"{""minor_atk_pct"": ""14"", ""minor_break_effect_pct"": """", ""minor_crit_dmg_pct"": ""37.3"", ""minor_crit_rate_pct"": """", ""minor_def_pct"": """", ""minor_effect_hit_rate_pct"": """", ""minor_effect_res_pct"": """", ""minor_energy_regen_pct"": """", ""minor_fire_dmg_pct"": """", ""minor_hp_pct"": ""14"", ""minor_ice_dmg_pct"": """", ""minor_imaginary_dmg_pct"": """", ""minor_lightning_dmg_pct"": """", ""minor_outgoing_healing_pct"": """", ""minor_physical_dmg_pct"": """", ""minor_quantum_dmg_pct"": """", ""minor_spd"": """", ""minor_wind_dmg_pct"": """"}",file://D:\backup\zero cycling\html\html_pages\trailblazer-remembrance.html
Tribbie Best Build Guide | Honkai: Star Rail,tribbie,5,Quantum,Harmony,1047,523,727,96,10,,,,12,37.3,,,,,,,,,,,,,1151.7,523.0,727.0,96.0,"{""minor_atk_pct"": """", ""minor_break_effect_pct"": """", ""minor_crit_dmg_pct"": ""37.3"", ""minor_crit_rate_pct"": ""12"", ""minor_def_pct"": """", ""minor_effect_hit_rate_pct"": """", ""minor_effect_res_pct"": """", ""minor_energy_regen_pct"": """", ""minor_fire_dmg_pct"": """", ""minor_hp_pct"": ""10"", ""minor_ice_dmg_pct"": """", ""minor_imaginary_dmg_pct"": """", ""minor_lightning_dmg_pct"": """", ""minor_outgoing_healing_pct"": """", ""minor_physical_dmg_pct"": """", ""minor_quantum_dmg_pct"": """", ""minor_spd"": """", ""minor_wind_dmg_pct"": """"}",file://D:\backup\zero cycling\html\html_pages\tribbie.html
Welt Best Build Guide | Honkai: Star Rail,welt,5,Imaginary,Nihility,1125,620,509,102,,,,,,,,10,28,,,,,,,,,14.4,1125.0,620.0,509.0,102.0,"{""minor_atk_pct"": """", ""minor_break_effect_pct"": """", ""minor_crit_dmg_pct"": """", ""minor_crit_rate_pct"": """", ""minor_def_pct"": """", ""minor_effect_hit_rate_pct"": ""28"", ""minor_effect_res_pct"": ""10"", ""minor_energy_regen_pct"": """", ""minor_fire_dmg_pct"": """", ""minor_hp_pct"": """", ""minor_ice_dmg_pct"": """", ""minor_imaginary_dmg_pct"": ""14.4"", ""minor_lightning_dmg_pct"": """", ""minor_outgoing_healing_pct"": """", ""minor_physical_dmg_pct"": """", ""minor_quantum_dmg_pct"": """", ""minor_spd"": """", ""minor_wind_dmg_pct"": """"}",file://D:\backup\zero cycling\html\html_pages\welt.html
Xueyi Best Build Guide | Honkai: Star Rail,xueyi,4,Quantum,Destruction,1058,599,396,103,18,,,,,,37.3,,,,,,,,,,8,,1248.44,599.0,396.0,103.0,"{""minor_atk_pct"": """", ""minor_break_effect_pct"": ""37.3"", ""minor_crit_dmg_pct"": """", ""minor_crit_rate_pct"": """", ""minor_def_pct"": """", ""minor_effect_hit_rate_pct"": """", ""minor_effect_res_pct"": """", ""minor_energy_regen_pct"": """", ""minor_fire_dmg_pct"": """", ""minor_hp_pct"": ""18"", ""minor_ice_dmg_pct"": """", ""minor_imaginary_dmg_pct"": """", ""minor_lightning_dmg_pct"": """", ""minor_outgoing_healing_pct"": """", ""minor_physical_dmg_pct"": """", ""minor_quantum_dmg_pct"": ""8"", ""minor_spd"": """", ""minor_wind_dmg_pct"": """"}",file://D:\backup\zero cycling\html\html_pages\xueyi.html
Yanqing Best Build Guide | Honkai: Star Rail,yanqing,5,Ice,Hunt,892,679,412,109,10,28,,,,,,,,,,,,14.4,,,,,981.2,869.12,412.0,109.0,"{""minor_atk_pct"": ""28"", ""minor_break_effect_pct"": """", ""minor_crit_dmg_pct"": """", ""minor_crit_rate_pct"": """", ""minor_def_pct"": """", ""minor_effect_hit_rate_pct"": """", ""minor_effect_res_pct"": """", ""minor_energy_regen_pct"": """", ""minor_fire_dmg_pct"": """", ""minor_hp_pct"": ""10"", ""minor_ice_dmg_pct"": ""14.4"", ""minor_imaginary_dmg_pct"": """", ""minor_lightning_dmg_pct"": """", ""minor_outgoing_healing_pct"": """", ""minor_physical_dmg_pct"": """", ""minor_quantum_dmg_pct"": """", ""minor_spd"": """", ""minor_wind_dmg_pct"": """"}",file://D:\backup\zero cycling\html\html_pages\yanqing.html
Yao Guang Best Build Guide | Honkai: Star Rail,yao-guang,5,Physical,Elation,1242,465,654,101,,,,9,18.7,,,,,,,,,,,,,,1242.0,465.0,654.0,110.0,"{""minor_atk_pct"": """", ""minor_break_effect_pct"": """", ""minor_crit_dmg_pct"": """", ""minor_crit_rate_pct"": ""18.7"", ""minor_def_pct"": """", ""minor_effect_hit_rate_pct"": """", ""minor_effect_res_pct"": """", ""minor_energy_regen_pct"": """", ""minor_fire_dmg_pct"": """", ""minor_hp_pct"": """", ""minor_ice_dmg_pct"": """", ""minor_imaginary_dmg_pct"": """", ""minor_lightning_dmg_pct"": """", ""minor_outgoing_healing_pct"": """", ""minor_physical_dmg_pct"": """", ""minor_quantum_dmg_pct"": """", ""minor_spd"": ""9"", ""minor_wind_dmg_pct"": """"}",file://D:\backup\zero cycling\html\html_pages\yao-guang.html
Yukong Best Build Guide | Honkai: Star Rail,yukong,4,Imaginary,Harmony,917,599,374,107,18,10,,,,,,,,,,,,,,,,22.4,1082.06,658.9,374.0,107.0,"{""minor_atk_pct"": ""10"", ""minor_break_effect_pct"": """", ""minor_crit_dmg_pct"": """", ""minor_crit_rate_pct"": """", ""minor_def_pct"": """", ""minor_effect_hit_rate_pct"": """", ""minor_effect_res_pct"": """", ""minor_energy_regen_pct"": """", ""minor_fire_dmg_pct"": """", ""minor_hp_pct"": ""18"", ""minor_ice_dmg_pct"": """", ""minor_imaginary_dmg_pct"": ""22.4"", ""minor_lightning_dmg_pct"": """", ""minor_outgoing_healing_pct"": """", ""minor_physical_dmg_pct"": """", ""minor_quantum_dmg_pct"": """", ""minor_spd"": """", ""minor_wind_dmg_pct"": """"}",file://D:\backup\zero cycling\html\html_pages\yukong.html
Yunli Best Build Guide | Honkai: Star Rail,yunli,5,Physical,Destruction,1359,679,460,94,18,28,,,6.7,,,,,,,,,,,,,,1603.62,869.12,460.0,94.0,"{""minor_atk_pct"": ""28"", ""minor_break_effect_pct"": """", ""minor_crit_dmg_pct"": """", ""minor_crit_rate_pct"": ""6.7"", ""minor_def_pct"": """", ""minor_effect_hit_rate_pct"": """", ""minor_effect_res_pct"": """", ""minor_energy_regen_pct"": """", ""minor_fire_dmg_pct"": """", ""minor_hp_pct"": ""18"", ""minor_ice_dmg_pct"": """", ""minor_imaginary_dmg_pct"": """", ""minor_lightning_dmg_pct"": """", ""minor_outgoing_healing_pct"": """", ""minor_physical_dmg_pct"": """", ""minor_quantum_dmg_pct"": """", ""minor_spd"": """", ""minor_wind_dmg_pct"": """"}",file://D:\backup\zero cycling\html\html_pages\yunli.html
