name,slug,rarity,path,hp,atk,def,effect_description
A Dream Scented in Wheat,a-dream-scented-in-wheat,4,Erudition,953,529,397,Increases the wearer's CRIT Rate by 12/14/16/18/20% . The Ultimate DMG and Follow-up ATK DMG dealt by the wearer increase by 24/28/32/36/40% .
A Grounded Ascent,a-grounded-ascent,5,Harmony,1164,476,529,"After the wearer uses Skill or Ultimate on one ally character, the wearer regenerates 6 / 6.5 / 7 / 7.5 / 8 Energy and the ability's target receives 1 stack of ""Hymn"" for 3 turn(s), stacking up to 3 time(s). Each stack of ""Hymn"" increases its holder's DMG dealt by 15 / 17.25 / 19.5 / 21.75 / 24% . After every 2 instance(s) of Skill or Ultimate the wearer uses on one ally character, recovers 1 Skill Point."
A Little Getaway,a-little-getaway,4,Elation,953,423,397,"Increases the wearer's Elation by 20/25/30/35/40% . When the wearer uses an Elation Skill, ignores 8/10/12/14/16% of the target's DEF."
A Secret Vow,a-secret-vow,4,Destruction,1058,476,264,Increases DMG dealt by the wearer by 20/25/30/35/40% . The wearer also deals an extra 20/25/30/35/40% of DMG to enemies whose current HP percentage is equal to or higher than the wearer's current HP percentage.
A Star That Lights the Night,a-star-that-lights-the-night,5,Erudition,847,635,529,"The wearer ignores 32/36/40/44/48% of the target's DEF when dealing DMG. When the wearer uses an Assist Skill, they regenerate 6 Energy and gain ""Sail,"" lasting for 2 turns and stacking up to 3 time(s). Each stack of ""Sail"" increases Assist Skill DMG by 20/25/30/35/40% . When ""Sail"" reaches 3 stacks, each stack of ""Sail"" increases Ultimate DMG by 20/25/30/35/40% ."
A Thankless Coronation,a-thankless-coronation,5,Destruction,953,582,529,"Increases the wearer's CRIT DMG by 36/45/54/63/72% . When using Ultimate, increases the wearer's ATK by 40/50/60/70/80% , and if the wearer's Max Energy is greater than or equal to 300, regenerates a fixed amount of Energy equal to 10% of the wearer's Max Energy and once again increases the wearer's ATK by 40/50/60/70/80% , lasting for 2 turns."
A Trail of Bygone Blood,a-trail-of-bygone-blood,4,Destruction,1058,529,331,Increases the wearer's CRIT Rate by 12/14/16/18/20% . The Skill DMG and Ultimate DMG dealt by the wearer increase by 24/28/32/36/40% .
Adversarial,adversarial,3,Hunt,740,370,264,"When the wearer defeats an enemy, increases SPD by 10 /12/14/16/18 % for 2 turn(s)"
After the Charmony Fall,after-the-charmony-fall,4,Erudition,847,476,397,"Increases the wearer's Break Effect by 28/35/42/49/56% . After the wearer uses Ultimate, increases SPD by 8/10/12/14/16 , lasting for 2 turn(s)."
Along the Passing Shore,along-the-passing-shore,5,Nihility,1058,635,396,"Increases the wearer's CRIT DMG by 36/42/48/54/60% . When the wearer hits an enemy target, inflicts Mirage Fizzle on the enemy, lasting for 1 turn. Each time the wearer attacks, this effect can only trigger 1 time on each target. The wearer deals 24/28/32/36/40% increased DMG to targets afflicted with Mirage Fizzle, and the DMG dealt by the wearer's Ultimate additionally increases by 24/28/32/36/40% ."
Amber,amber,3,Preservation,846,264,330,"Increases the wearer's DEF by 16 /20/24/28/32 % . If the wearer's current HP is lower than 50% , increases their DEF by a further 16 /20/24/28/32 % ."
An Instant Before A Gaze,an-instant-before-a-gaze,5,Erudition,1058,582,463,"Increases the wearer's CRIT DMG by 36/42/48/54/60% . When the wearer uses their Ultimate, the wearer's Ultimate DMG increases based on their Max Energy; Ultimate DMG increases by 0.36/0.42/0.48/0.54/0.6% per point of Energy, up to 180 Energy."
Arrows,arrows,3,Hunt,846,317,264,"At the beginning of the battle, increases the wearer's CRIT Rate by 12/15/18/21/24% for 3 turn(s)."
Baptism of Pure Thought,baptism-of-pure-thought,5,Hunt,952,582,529,"Increases the wearer's CRIT DMG by 20/23/26/29/32% . For every debuff on the enemy target, the wearer's CRIT DMG dealt against this target increases by 8/9/10/11/12% , stacking up to 3 times. When using Ultimate to attack the enemy target, the wearer receives the Disputation effect, which increases DMG dealt by 36/42/48/54/60% and enables their follow-up attacks to ignore 24/28/32/36/40% of the target's DEF. This effect lasts for 2 turns."
Before Dawn,before-dawn,5,Erudition,1058,582,463,"Increases the wearer's CRIT DMG by 36/42/48/54/60% . Increases the wearer's Skill and Ultimate DMG by 18/21/24/27/30% . After the wearer uses their Skill or Ultimate, they gain Somnus Corpus. Upon triggering a follow-up attack, Somnus Corpus will be consumed and the follow-up attack DMG increases by 48/56/64/72/80% ."
Before the Tutorial Mission Starts,before-the-tutorial-mission-starts,4,Nihility,952,476,330,"Increases the wearer's Effect Hit Rate by 20 /25/30/35/40 %. When the wearer attacks enemies that have reduced DEF, regenerates 4 /5/6/7/8 Energy."
Boundless Choreo,boundless-choreo,4,Nihility,953,476,331,Increase the wearer's CRIT Rate by 8/10/12/14/16% . The wearer deals 24/30/36/42/48% more CRIT DMG to enemies that are currently DEF reduced or Slowed.
Brighter Than the Sun,brighter-than-the-sun,5,Destruction,1058,635,396,"Increases the wearer's CRIT Rate by 18 /21/24/27/30 % . When the wearer uses their Basic ATK, they will gain 1 stack of Dragon's Call for 2 turns. Each stack of Dragon's Call increases the wearer's ATK by 18 /21/24/27/30 % and Energy Regeneration Rate by 6 /7/8/9/10 % . Dragon's Call can be stacked up to 2 times."
But the Battle Isn't Over,but-the-battle-isn-t-over,5,Harmony,1164,529,463,"Increases the wearer's Energy Regeneration Rate by 10 /12/14/16/18 % and regenerates 1 Skill Point when the wearer uses their Ultimate on an ally. This effect can be triggered after every 2 uses of the wearer's Ultimate. When the wearer uses their Skill, the next ally taking action (except the wearer) deals 30 /35/40/45/50 % more DMG for 1 turn(s)."
"Carve the Moon, Weave the Clouds",carve-the-moon-weave-the-clouds,4,Harmony,952,476,330,"At the start of the battle and whenever the wearer's turn begins, one of the following effects is applied randomly: All allies' ATK increases by 10 /12.5/15/17.5/20 % , all allies' CRIT DMG increases by 12 /15/18/21/24 % , or all allies' Energy Regeneration Rate increases by 6 /7.5/9/10.5/12 % . The applied effect cannot be identical to the last effect applied, and will replace the previous effect. The applied effect will be removed when the wearer has been knocked down. Effects of the similar type cannot be stacked."
Chorus,chorus,3,Harmony,846,317,264,"After entering battle, increases the ATK of all allies by 8 /9/10/11/12 % . Effects of the same type cannot stack."
Collapsing Sky,collapsing-sky,3,Destruction,846,370,198,Increases the wearer's Basic ATK and Skill DMG by 20/25/30/35/40% .
Concert for Two,concert-for-two,4,Preservation,952,370,463,"Increases the wearer's DEF by 16/20/24/28/32% . For every on-field character that has a Shield, the DMG dealt by the wearer increases by 4/5/6/7/8%."
Cornucopia,cornucopia,3,Abundance,952,264,264,"When the wearer uses their Skill or Ultimate, their Outgoing Healing increases by 12 /15/18/21/24 % ."
Cruising in the Stellar Sea,cruising-in-the-stellar-sea,5,Hunt,952,529,463,"Increases the wearer's CRIT rate by 8 /10/12/14/16 % , and increases their CRIT rate against enemies with HP less than or equal to 50% by an extra 8 /10/12/14/16 % . When the wearer defeats an enemy, their ATK is increased by 20 /25/30/35/40 % for 2 turn(s)."
Dance at Sunset,dance-at-sunset,5,Destruction,1058,582,463,"Greatly increases the odds that the wearer will be attacked and increases the wearer's CRIT DMG by 36/42/48/54/60% . After the wearer uses their Ultimate, they receive 1 stack of Firedance, lasting for 2 turns and up to 2 stacks. Each stack of Firedance increases the DMG dealt by the wearer's follow-up attack by 36/42/48/54/60%."
Dance! Dance! Dance!,dance-dance-dance,4,Harmony,952,423,396,"When the wearer uses their Ultimate, all allies' actions are Advanced Forward by 16/18/20/22/24%"
Darting Arrow,darting-arrow,3,Hunt,740,370,264,"When the wearer defeats an enemy, increase ATK by 24/30/36/42/48% for 3 turn(s)."
Data Bank,data-bank,3,Erudition,740,370,264,Increases the wearer's Ultimate DMG by 28/35/42/49/56%.
Day One of My New Life,day-one-of-my-new-life,4,Preservation,952,370,463,"Increases the wearer's DEF by 16 /18/20/22/24 % . After entering battle, increases DMG RES of all allies by 8 /9/10/11/12 % . Effects of the same type cannot stack."
Dazzled by a Flowery World,dazzled-by-a-flowery-world,5,Elation,1058,582,463,"Increases the wearer's CRIT DMG by 48/56/64/72/80% . While the wearer is on the field, for every 1 Elation character in the team, increases the Skill Point upper limit by 1 , up to a max increase of 3 . For every 1 Skill Point the wearer consumes, enables the Elation DMG dealt by this unit to ignore 5/6/7/8/9% of enemy targets' DEF, stacking up to 4 times. If 4 or more Skill Points are consumed in the same turn, the wearer gains ""Stream Promo,"" which increases all allies' Elation by 20/24/28/32/36% . Light Cone effects of the same type cannot stack."
Defense,defense,3,Preservation,952,264,264,"When the wearer unleashes their Ultimate, they restore HP by 18/21/24/27/30% of their Max HP."
Destiny's Threads Forewoven,destiny-s-threads-forewoven,4,Preservation,952,370,463,"Increases the wearer's Effect RES by 12/14/16/18/20% . For every 100 of DEF the wearer has, increases the DMG dealt by 0.8/0.9/1/1.1/1.2% to a max increase of 32/36/40/44/48% ."
Dream's Montage,dream-s-montage,4,Abundance,953,423,397,"Increases the wearer's SPD by 8/9/10/11/12% . After attacking enemy targets that are Weakness Broken, regenerates 3/3.5/4/4.5/5 Energy. This effect can trigger up to 2 time(s) per turn."
Dreamville Adventure,dreamville-adventure,4,Harmony,953,423,397,"After the wearer uses a Basic ATK, Skill, or Ultimate, all allies gain Childishness, which increases the DMG dealt by the corresponding ability they used by 12/14/16/18/20% . Childishness only takes effect with the most recent ability used by the wearer and cannot be stacked."
Earthly Escapade,earthly-escapade,5,Harmony,1164,529,463,"Increases the wearer's CRIT DMG by 32/39/46/52/60% . At the start of the battle, the wearer gains Mask, lasting for 3 turn(s). While the wearer has Mask, the wearer's allies have their CRIT Rate increased by 10/11/12/13/14% and their CRIT DMG increased by 28/35/42/49/56% . For every 1 Skill Point the wearer recovers (including Skill Points that exceed the limit), they gain 1 stack of Radiant Flame. And when the wearer has 4 stacks of Radiant Flame, all the stacks are removed, and they gain Mask, lasting for 4 turn(s)."
Echoes of the Coffin,echoes-of-the-coffin,5,Abundance,1164,582,396,"Increases the wearer's ATK by 24 /28/32/36/40 % . After the wearer uses an attack, for each different enemy target the wearer hits, regenerates 3 /3.5/4/4.5/5 Energy. Each attack can regenerate Energy up to 3 time(s) this way. After the wearer uses their Ultimate, all allies gain 12 /14/16/18/20 SPD for 1 turn."
Elation Brimming With Blessings,elation-brimming-with-blessings,5,Elation,953,529,463,"Increases the wearer's ATK by 20/25/30/35/40% . After the wearer uses Skill or Ultimate on one ally character, increases the target's Elation stat by 12/15/18/21/24% for 2 turn(s)."
Epoch Etched in Golden Blood,epoch-etched-in-golden-blood,5,Harmony,953,635,463,"Increases the wearer's ATK by 64/80/96/112/128% . After using Ultimate to attack, recovers 1 Skill Point(s). After the wearer uses their Skill on one ally character, increases the Skill DMG dealt by the target by 54/67.5/81/94.5/108% for 3 turn(s)."
Eternal Calculus,eternal-calculus,5,Erudition,1058,529,396,"Increases the wearer's ATK by 8/9/10/11/12% . After using an attack, for each enemy target hit, additionally increases ATK by 4/5/6/7/8% . This effect can stack 5 times and lasts until the next attack. If there are 3 or more enemy targets hit, this unit's SPD increases by 8/10/12/14/16% , lasting for 1 turn(s)."
Eyes of the Prey,eyes-of-the-prey,4,Nihility,952,476,330,Increases Effect Hit Rate of its wearer by 20 /25/30/35/40 % and increases DoT by 24 /30/36/42/48 % .
Fermata,fermata,4,Nihility,952,476,330,"Increases the wearer's Break Effect by 16/20/24/28/32% , and increases their DMG to enemies afflicted with Shock or Wind Shear by 16/20/24/28/32% . This also applies to DoT."
Final Victor,final-victor,4,Hunt,952,476,330,"Increases the wearer's ATK by 12/14/16/18/20% . When the wearer lands a CRIT hit on enemies, they will gain a stack of Good Fortune. This effect can be stacked 4 time(s). Every stack of Good Fortune the wearer has will increase their CRIT DMG by 8/9/10/11/12% . Good Fortune will be removed at the end of the wearer's turn."
Fine Fruit,fine-fruit,3,Abundance,952,317,198,"At the beginning of battle, immediately regenerates 6/8/9/11/12 Energy for all allies."
"Flame of Blood, Blaze My Path",flame-of-blood-blaze-my-path,5,Destruction,1375,476,396,"Increases the wearer's Max HP by 18/21/24/27/30% and Incoming Healing by 20/25/30/35/40% . When using Skill or Ultimate, consumes HP equal to 6/6.5/7/7.5/8% of the wearer's Max HP and increases the DMG dealt by this attack by 30/35/40/45/50% . If this effect's consumed HP is greater than 500, the DMG additionally increases by 30/35/40/45/50% . If the current HP is not sufficient, this effect reduces the wearer's current HP down to 1."
Flames Afar,flames-afar,4,Destruction,1058,476,265,"When the HP lost by the wearer during a single attack exceeds 25% of their Max HP, or if the HP they consume is greater than 25% of their Max HP, then immediately heals them for 15% of their Max HP while also increasing the DMG they deal by 25/31/38/44/50% for 2 turn(s). This effect can only be triggered once every 3 turn(s)."
Flickering Stars,flickering-stars,5,Erudition,847,635,529,"Increases the wearer's CRIT Rate by 18/21/24/27/30% . When any ally character consumes a total of 4 or more Skill Points in a single turn, the wearer gains ""Radiant Crown,"" lasting for 3 turn(s). While the wearer holds ""Radiant Crown,"" all allies' DMG dealt ignores 20/23/26/29/32% of the target's DEF, and the Skill DMG dealt by the wearer increases by 72/84/96/108/120% . Effects of the same type cannot stack."
Flowing Nightglow,flowing-nightglow,5,Harmony,953,635,463,"Every time any ally attacks, the wearer gains 1 stack of Cantillation. Each stack of Cantillation increases the wearer's Energy Regeneration Rate by 3/3.5/4/4.5/5% , stacking up to 5 times. When the wearer uses their Ultimate, removes Cantillation and gains Cadenza. Cadenza increases the Wearer's ATK by 48/60/72/84/96% and all allies' DMG dealt by 24/28/32/36/40% , lasting for 1 turn(s)."
Fly Into a Pink Tomorrow,fly-into-a-pink-tomorrow,4,Remembrance,847,476,397,"Increases the wearer's CRIT DMG by 12/15/18/21/24% . When equipped by Trailblazer (Remembrance), increases all ally targets' DMG dealt by 8/10/12/14/16% and DMG dealt by Enhanced Basic ATK ""Together, We Script Tomorrow!"" by 60/70/80/90/100% ."
For Tomorrow's Journey,for-tomorrow-s-journey,4,Harmony,953,476,331,"Increases the wearer's ATK by 16/20/24/28/32% . After the wearer uses their Ultimate, increases their DMG dealt by 18/21/24/27/30% , lasting for 1 turn."
Geniuses' Greetings,geniuses-greetings,4,Remembrance,952,476,330,"Increases the wearer's ATK by 16/20/24/28/32% . After the wearer uses their Ultimate, additionally increases the wearer and their memosprite's Basic ATK DMG dealt by 20/25/30/35/40% for 3 turn(s)."
Geniuses' Repose,geniuses-repose,4,Erudition,846,476,396,"Increases the wearer's ATK by 16 /20/24/28/32 % . When the wearer defeats an enemy, the wearer's CRIT DMG increases by 24 /30/36/42/48 % for 3 turn(s)."
Good Night and Sleep Well,good-night-and-sleep-well,4,Nihility,952,476,330,"For every debuff the target enemy has, the DMG dealt by the wearer increases by 12 /15/18/21/24 % , stacking up to 3 time(s). This effect also applies to DoT."
"Hey, Over Here",hey-over-here,4,Abundance,952,423,396,"Increases the wearer's Max HP by 8/9/10/11/12% . When the wearer uses Skill, increases Outgoing Healing by 16/19/22/25/28% , lasting for 2 turn(s)."
Hidden Shadow,hidden-shadow,3,Nihility,846,317,264,"After using Skill, the wearer's next Basic ATK deals Additional DMG equal to 60 / 75 /90/105/120 % of ATK to the target enemy."
Holiday Thermae Escapade,holiday-thermae-escapade,4,Nihility,1058,529,331,"Increases the wearer's DMG dealt by 16/20/24/28/32% . After the wearer attacks, there is a 100% base chance that the attacked target is inflicted with Vulnerability, increasing the DMG they receive by 10/11/13/14/16% for 2 turn(s). The same effect type cannot be stacked."
I Am As You Behold,i-am-as-you-behold,5,Destruction,953,635,463,"Increases the wearer's ATK by 18/21/24/27/30% and Energy Regeneration Rate by 10/12.5/15/17.5/20% . When the wearer uses Ultimate, for every 1 Energy consumed, increases the Ultimate DMG dealt this time by 0.2/0.25/0.3/0.35/0.4% , up to a max increase of 72/90/108/126/144% . When the wearer enters combat or uses Ultimate, the wearer gains ""King's Entertainment,"" lasting for 3 turn(s). While the wearer holds ""King's Entertainment,"" increases all allies' CRIT DMG by 24/30/36/42/48% . Effects of the same type cannot stack."
I Shall Be My Own Sword,i-shall-be-my-own-sword,5,Destruction,1164,582,396,"Increases the wearer's CRIT DMG by 20/23/26/29/32% . When an ally gets attacked or loses HP, the wearer gains 1 stack of Eclipse, up to a max of 3 stack(s). Each stack of Eclipse increases the DMG of the wearer's next attack by 14/16.5/19/21.5/24% . When 3 stack(s) are reached, additionally enables the attack to ignore 12/14/16/18/20% of the enemy's DEF. This effect will be removed after the wearer uses an attack."
I Venture Forth to Hunt,i-venture-forth-to-hunt,5,Hunt,952,635,463,"Increases the wearer's CRIT Rate by 15/17.5/20 / 22.5 / 25% . When the wearer launches a follow-up attack, gains 1 stack of ""Luminflux,"" to a max of 2 stacks. Each stack of ""Luminflux"" enables the Ultimate DMG dealt by the wearer to ignore 27 / 30 / 33 / 36 / 39% of the target's DEF. When the wearer's turn ends, removes 1 stack of ""Luminflux."""
If Time Were a Flower,if-time-were-a-flower,5,Harmony,1270,529,397,"Increases the wearer's CRIT DMG by 36/42/48/54/60% . After the wearer launches a Follow-up ATK, additionally regenerates 12 Energy and gains ""Presage,"" lasting for 2 turn(s). While the wearer has ""Presage,"" all ally targets' CRIT DMG increases by 48/60/72/84/96% . When entering battle, the wearer regenerates 21 Energy and gains ""Presage,"" lasting for 2 turn(s)."
In Pursuit of the Wind,in-pursuit-of-the-wind,4,Harmony,1058,476,397,"After entering battle, increases all allies' Break DMG dealt by 16/18/20/22/24% . Abilities of the same type cannot stack."
In the Name of the World,in-the-name-of-the-world,5,Nihility,1058,582,463,"Increases the wearer's DMG to debuffed enemies by 24/28/32/36/40% . When the wearer uses their Skill, the Effect Hit Rate for this attack increases by 18/21/24 /27/30 % , and ATK increases by 24/28/32/36/40% ."
In the Night,in-the-night,5,Hunt,1058,582,463,"Increases the wearer's CRIT Rate by 18 /21/24/27/30 % . While the wearer is in battle, for every 10 SPD that exceeds 100, the DMG of the wearer's Basic ATK and Skill is increased by 6 /7/8/9/10 % and the CRIT DMG of their Ultimate is increased by 12 /14/16/18/20 % . This effect can stack up to 6 time(s)."
Incessant Rain,incessant-rain,5,Nihility,1058,582,463,"Increases the wearer's Effect Hit Rate by 24/28/32/36/40% . When the wearer deals DMG to an enemy with 3 or more debuffs, increases CRIT Rate by 12/14/16/18/20% . After the wearer uses their Basic ATK, Skill, or Ultimate, there is a 100% base chance to implant Aether Code on a random hit target that does not have it yet. Targets with Aether Code receive 12/14/16/18/20% increased DMG for 1 turn."
Indelible Promise,indelible-promise,4,Destruction,953,476,331,"Increases the wearer's Break Effect by 28/35/42/49/56% . When the wearer uses their Ultimate, increases CRIT Rate by 15/18.75/22.5/26.25/30% , lasting for 2 turns."
Inherently Unjust Destiny,inherently-unjust-destiny,5,Preservation,1058,423,661,"Increases the wearer's DEF by 40/46/52/58/64% . When the wearer provides a Shield to an ally, the wearer's CRIT DMG increases by 40/46/52/58/64% , lasting for 2 turn(s). When the wearer's follow-up attack hits an enemy target, there is a 100/115/130/145/160% base chance to increase the DMG taken by the attacked enemy target by 10/11.5/13/14.5/16% , lasting for 2 turn(s)."
Into the Unreachable Veil,into-the-unreachable-veil,5,Erudition,953,635,463,"Increases the wearer's CRIT Rate by 12/14/16/18/20% . When the wearer uses their Ultimate, increases DMG dealt by the wearer's Skill and Ultimate by 60/70/80/90/100% , lasting for 3 turn(s). After the wearer uses their Ultimate, if this Ultimate consumed 140 or more Energy, recovers 1 Skill Point."
It's Showtime,it-s-showtime,4,Nihility,1058,476,265,"When the wearer inflicts a debuff on an enemy, they gain a stack of Trick. Every stack of Trick increases the wearer's DMG dealt by 6/7/8/9/10% for a max of 3 stack(s). This effect lasts for 1 turn(s). When the wearer's Effect Hit Rate is greater than or equal to 80%, increases ATK by 20/24/28/32/36% ."
"Journey, Forever Peaceful",journey-forever-peaceful,4,Preservation,1058,370,529,"Increases the wearer's provided Shield Effect by 12/15/18/21/24% . When an ally target has a Shield, the DMG dealt increases by 12/14/16/18/20% ."
Landau's Choice,landau-s-choice,4,Preservation,952,423,396,"The wearer is more likely to be attacked, but DMG taken is reduced by 16 /18/20/22/24 % ."
Lies Dance on the Breeze,lies-dance-on-the-breeze,5,Nihility,953,582,529,"Increases the wearer's SPD by 18/21/24/27/30% . After the wearer uses an attack, there is a 120% base chance to inflict the ""Bamboozle"" state on every enemy target. While under the ""Bamboozle"" state, enemy targets have their DEF decreased by 16/18/20/22/24% for 2 turn(s). If the wearer's SPD is higher than or equal to 170 , there is a 120% base chance to inflict the ""Theft"" state on every enemy target. While under the ""Theft"" state, enemy targets have their DEF decreased by 8/9/10/11/12% for 2 turn(s). When ""Bamboozle"" or ""Theft"" is repeatedly inflicted, only the most recently inflicted instance takes effect."
Life Should Be Cast to Flames,life-should-be-cast-to-flames,5,Erudition,953,582,529,"When the wearer's turn starts, regenerates 10 Energy. If the enemy target has a Weakness implanted by the wearer, increases the wearer's DMG dealt to it by 60/70/80/90/100% . When an enemy target gets attacked by the wearer, the wearer decreases the target's DEF by 12/15/18/21/24% , lasting for 2 turn(s). The same types of effects cannot stack."
Lingering Tear,lingering-tear,3,Elation,847,318,265,"When Punchline is 10 or more, the wearer's CRIT DMG increases by 20/25/30/35/40% ."
Long May Rainbows Adorn the Sky,long-may-rainbows-adorn-the-sky,5,Remembrance,1164,476,529,"Increases the wearer's SPD by 18/21/24/27/30% . When the wearer uses Basic ATK, Skill, or Ultimate, consumes all allies' HP equal to 1/1.3/1.5/1.7/2.0% of their current HP and additionally deals 1 instance of Additional DMG of the wearer's memosprite Type equal to 250/312.5/375/437.5/500% of the total consumed HP to the attacked target after the next attack launched by the wearer's memosprite. The total HP consumed is then reset. When the wearer's memosprite uses Memosprite Skill, increases the DMG taken by all enemies by 18/22.5/27/31.5/36% for 2 turn(s). The same types of effects cannot stack."
Long Road Leads Home,long-road-leads-home,5,Nihility,952,476,661,"Increases the wearer's Break Effect by 60/70/80/90/100% . When an enemy target's Weakness gets broken, there is a 100% base chance to inflict the ""Charring"" state on it, which increases its Break DMG taken by 18/21/24/27/30% , lasting for 2 turn(s). This effect can stack 2 time(s)."
Loop,loop,3,Nihility,846,317,264,Increases DMG dealt from its wearer to Slowed enemies by 24 /30/36/42/48 %
Make Farewells More Beautiful,make-farewells-more-beautiful,5,Remembrance,1270,529,397,"Increases the wearer's Max HP by 30/38/45/53/60% . When the wearer or their memosprite loses HP during their own turn, the wearer gains ""Death Flower,"" which allows the wearer and their memosprite to ignore 30/35/40/45/50% of the target's DEF when dealing DMG, lasting for 2 turn(s). When the wearer's memosprite disappears, advances the wearer's action by 12/15/18/21/24% . This effect can only trigger up to 1 time, and the trigger count resets every time the wearer uses Ultimate."
Make the World Clamor,make-the-world-clamor,4,Erudition,846,476,396,"The wearer regenerates 20/23/26/29/32 Energy immediately upon entering battle, and increases Ultimate DMG by 32/40/48/56/64% ."
Mediation,mediation,3,Harmony,846,317,264,"Upon battle entry, all allies receive 12 /14/16/18/20 increased SPD for 1 turn(s)."
Memories of the Past,memories-of-the-past,4,Harmony,952,423,396,"Increases the wearer's Break Effect by 28/35/42/49/56% . When the wearer attacks, additionally regenerates 4/5/6/7/8 Energy. This effect can only be triggered 1 time per turn."
Memory's Curtain Never Falls,memory-s-curtain-never-falls,5,Remembrance,1058,529,397,"Increases the wearer's SPD by 6/7.5/9/10.5/12% . After the wearer uses Skill, increases the DMG dealt by all allies by 8/10/12/14/16% , lasting for 3 turn(s)."
Meshing Cogs,meshing-cogs,3,Harmony,846,317,264,"After the wearer uses attacks or gets hit, additionally regenerates 4/5/6/7/8 Energy. This effect can only be triggered 1 time per turn."
Moment of Victory,moment-of-victory,5,Preservation,1058,476,595,"Increases the wearer's DEF by 24/28/32/36/40% and Effect Hit Rate by 24/28/32/36/40% . Increases the chance for the wearer to be attacked by enemies. When the wearer is attacked, increase their DEF by an additional 24/28/32/36/40% until the end of the wearer's turn."
Multiplication,multiplication,3,Abundance,952,317,198,"After the wearer uses their Basic ATK, their next action will be Advanced Forward by 12 /14/16/18/20 % ."
Mushy Shroomy's Adventures,mushy-shroomy-s-adventures,4,Elation,847,476,397,"Increases the wearer's Elation by 12/14/16/18/20% . When the wearer uses an Elation Skill, increases Elation DMG taken by all enemies by 6/7/8/9/10% for 2 turn(s)."
Mutual Demise,mutual-demise,3,Destruction,846,370,198,"If the wearer's current HP is lower than 80% , CRIT Rate increases by 12/15 /18/21/24 % ."
Never Forget Her Flame,never-forget-her-flame,5,Nihility,1164,529,463,"Increases the wearer's Break Effect by 60/75/90/105/120% . When entering combat, increases Break DMG dealt by the wearer and another teammate who triggered combat by 32/42/52/62/72% . If there is no teammate who triggered combat, applies this effect to the wearer and the teammate with the highest Break Effect. Effects of the same type cannot be stacked. When the wearer applies Weakness to an enemy target, recovers 1 Skill Point. This effect can only trigger once, and trigger count resets when using Ultimate."
Night of Fright,night-of-fright,5,Abundance,1164,476,529,"Increases the wearer's Energy Regeneration Rate by 12/14/16/18/20% . When any ally uses their Ultimate, the wearer restores HP for the ally currently with the lowest HP percentage by an amount equal to 10/11/12/13/14% of the healed ally's Max HP. When the wearer provides healing for an ally, increases the healed ally's ATK by 2.4/2.8/3.2/3.6/4% . This effect can stack up to 5 times and lasts for 2 turn(s)."
Night on the Milky Way,night-on-the-milky-way,5,Erudition,1164,582,396,"For every enemy on the field, increases the wearer's ATK by 9 /10.5/12/13.5/15 % , up to 5 stacks. When an enemy is inflicted with Weakness Break, the DMG dealt by the wearer increases by 30 /35/40/45/50 % for 1 turn."
Ninja Record: Sound Hunt,ninja-record-sound-hunt,4,Destruction,1058,476,265,"Increases the wearer's Max HP by 12/15/18/21/24% . When losing or restoring this unit's HP, increases CRIT DMG by 18/22.5/27/31.5/36% , lasting for 2 turn(s). This effect can only trigger once per turn."
Ninjutsu Inscription: Dazzling Evilbreaker,ninjutsu-inscription-dazzling-evilbreaker,5,Erudition,953,582,529,"Increases the wearer's Break Effect by 60/70/80/90/100% . When entering battle, immediately regenerates 30/32.5/35/37.5/40 Energy. After the wearer uses Ultimate, obtains ""Raiton."" After using 2 Basic ATKs, advances the wearer's action by 50/55/60/65/70% and removes ""Raiton."" After the wearer uses Ultimate, resets ""Raiton."""
Nowhere to Run,nowhere-to-run,4,Destruction,952,529,264,"Increases the wearer's ATK by 24 /30/36/42/48 % . Whenever the wearer defeats an enemy, they restore HP equal to 12/15/18/21/24% of their ATK."
On the Fall of an Aeon,on-the-fall-of-an-aeon,5,Destruction,1058,529,396,"Whenever the wearer attacks, their ATK is increased by 8 /10/12/14/16 % in this battle, up to 4 time(s). When the wearer inflicts Weakness Break on enemies, the wearer's DMG increases by 12 /15/18/21/24 % for 2 turn(s)."
Only Silence Remains,only-silence-remains,4,Hunt,952,476,330,"Increases ATK of its wearer by 16 /20/24/28/32 % . If there are 2 or fewer enemies on the field, increases wearer's CRIT Rate by 12 /15/18/21/24 % ."
Passkey,passkey,3,Erudition,740,370,264,"After the wearer uses their Skill, additionally regenerates 8/9 /10/11/12 Energy. This effect can only be triggered 1 time per turn."
Past Self in Mirror,past-self-in-mirror,5,Harmony,1058,529,529,"Increases the wearer's Break Effect by 60/70/80/90/100% . After the wearer uses their Ultimate, increases all allies' DMG by 24/28/32/36/40% , lasting for 3 turns. Should the wearer's Break Effect exceed or equal 150%, 1 Skill Point will be recovered. At the start of each wave, immediately regenerates 10/12.5/15/17.5/20 Energy for all allies. Effects of the same type cannot stack."
Past and Future,past-and-future,4,Harmony,952,423,396,"When the wearer uses their Skill, then the next ally taking action (except the wearer) deals 16 /20/24/28/32 % increased DMG for 1 turn(s)."
Patience Is All You Need,patience-is-all-you-need,5,Nihility,1058,582,463,"Increases DMG dealt by the wearer by 24 /28/32/36/40 % . After every attack launched by wearer, their SPD increases by 4.8 /5.6/6.4/7.2/8 % , stacking up to 3 times. If the wearer hits an enemy target that is not afflicted by Erode, there is a 100% base chance to inflict Erode to the target. Enemies afflicted with Erode are also considered to be Shocked and will receive Lightning DoT at the start of each turn equal to 60 /70/80/90/100 % of the wearer's ATK, lasting for 1 turn(s)."
Perfect Timing,perfect-timing,4,Abundance,952,423,396,Increases the wearer's Effect RES by 16/20/24/28/32% and increases Outgoing Healing by an amount that is equal to 33/36/39/42/45% of Effect RES. Outgoing Healing can be increased this way by up to 15/18/21/24 /27 % .
Pioneering,pioneering,3,Preservation,952,264,264,"When the wearer Breaks an enemy's Weakness, the wearer restores HP by 12 /14/16/18/20 % of their Max HP."
Planetary Rendezvous,planetary-rendezvous,4,Harmony,1058,423,330,"Upon battle entry, if an ally deals the same DMG Type as the wearer, DMG dealt increases by 12 / 15 /18/21/ 24%."
Poised to Bloom,poised-to-bloom,4,Harmony,952,423,396,"Increases the wearer's ATK by 16/20/24/28/32% . Upon entering battle, if two or more characters follow the same Path, then these characters' CRIT DMG increases by 16/20/24/28/32% . Abilities of the same type cannot stack."
Post-Op Conversation,post-op-conversation,4,Abundance,1058,423,330,Increases Energy Regeneration Rate of its wearer by 8 /10/12/14/16 % and increases Outgoing Healing when they use their Ultimate by 12 /15/18/21/24 % .
Quid Pro Quo,quid-pro-quo,4,Abundance,952,423,396,"At the start of the wearer's turn, regenerates 8/10/12/14 /16 Energy for a randomly chosen ally (excluding the wearer) whose current Energy is lower than 50% ."
Race to the Horizon,race-to-the-horizon,4,Hunt,847,476,397,"Increases the wearer's ATK by 12/15/18/21/24% . After the wearer uses a Follow-Up ATK, increases their CRIT DMG by 3/3.5/4/4.5/5% for 2 turn(s). This effect can stack up to 10 times."
Reforged Remembrance,reforged-remembrance,5,Nihility,1058,582,463,"Increases wearer's Effect Hit Rate by 40/45/50/55/60% . When the wearer deals DMG to an enemy inflicted with Wind Shear, Burn, Shock, or Bleed, they will individually gain 1 stack of Prophet. This effect can stack up to 4 times. In a single battle, each type of DoT can only generate 1 stack of Prophet. Every stack of Prophet increases wearer's ATK by 5/6/7/8/9% and the DoT dealt will ignore 7.2/7.9/8.6/9.3/10% of the target's DEF."
Reforged in Hellfire,reforged-in-hellfire,5,Nihility,1376,423,463,"Increases the wearer's Max HP by 30/38/45/53/60% . At the start of the wearer's turn, regenerates a fixed amount of 20 Energy. This effect can trigger 1 time each wave. After the wearer uses Skill to attack, inflicts the target with the ""Purgatory"" state, lasting for 2 turn(s). While in the ""Purgatory"" state, the target receives 30/38/45/53/60% increased CRIT DMG and 30/38/45/53/60% additionally increased CRIT DMG from the wearer."
Reminiscence,reminiscence,3,Remembrance,635,423,265,"When memosprite's turn starts, the wearer and the memosprite each gain 1 stack of ""Commemoration."" Each stack increases DMG dealt by 8/9/10/11/12% , stacking up to 4 time(s). ""Commemoration"" is removed from the wearer and the memosprite when the memosprite disappears."
Resolution Shines As Pearls of Sweat,resolution-shines-as-pearls-of-sweat,4,Nihility,952,476,330,"When the wearer hits an enemy and if the hit enemy is not already Ensnared, then there is a 60 /70/80/90/100 % base chance to Ensnare the hit enemy. Ensnared enemies' DEF decreases by 12 /13/14/15/16 % for 1 turn(s)."
Return to Darkness,return-to-darkness,4,Hunt,846,529,330,"Increases the wearer's CRIT Rate by 12/15/18/21/24% . After a CRIT Hit, there is a 16 /20/24/28/32 % fixed chance to dispel 1 buff on the target enemy. This effect can only trigger once per attack."
Rise and Sing,rise-and-sing,5,Remembrance,1164,582,397,"Increases the wearer's Max HP by 30/38/45/53/60% . After the wearer uses their Ultimate, recovers 1 Skill Point for allies. When entering combat, advances the wearer's action by 30/33/35/38/40% and grants the wearer ""New Melody"" for 2 turn(s). While the wearer has ""New Melody,"" all allies' SPD increases by 20/25/30/35/40% ."
River Flows in Spring,river-flows-in-spring,4,Hunt,846,476,396,"After entering battle, increases the wearer's SPD by 8 /9/10/11/12 % and DMG by 12 /15/18/21/24 % . When the wearer takes DMG, this effect will disappear. This effect will resume after the end of the wearer's next turn."
Sagacity,sagacity,3,Erudition,740,370,264,"When the wearer uses their Ultimate, increases ATK by 24 /30/36/42/48 % for 2 turn(s)."
Sailing Towards A Second Life,sailing-towards-a-second-life,5,Hunt,1058,582,463,"Increases the wearer's Break Effect by 60/70/80/90/100% . The Break DMG dealt by the wearer ignores 20/23/26/29/32% of the target's DEF. When the wearer's Break Effect in battle is at 150% or greater, increases their SPD by 12/14/16/18/20% ."
Scent Alone Stays True,scent-alone-stays-true,5,Abundance,1058,529,529,"Increases the wearer's Break Effect by 60/70/80/90/100% . After the wearer uses Ultimate to attack enemy targets, inflicts the targets with the ""Woefree"" state, lasting for 2 turn(s). While in ""Woefree,"" enemy targets take 10/12/14/16/18% increased DMG. The effect of increasing DMG taken is additionally boosted by 8/10/12/14/16% if the wearer's current Break Effect is 150% or higher."
See You at the End,see-you-at-the-end,4,Hunt,953,529,397,Increases the wearer's CRIT DMG by 24/28/32/36/40% . The Skill DMG and Follow-up ATK DMG dealt by the wearer increase by 24/28/32/36/40% .
Shadowburn,shadowburn,3,Remembrance,847,318,265,"When the wearer summons memosprite for the first time in battle, recovers 1 Skill Point(s) and regenerates 12/14/16/18/20 Energy for this unit."
Shadowed By Night,shadowed-by-night,4,Hunt,846,476,396,"Increases the wearer's Break Effect by 28/35/42/49/56% . When entering battle or after dealing Break DMG, increases SPD by 8/9/10/11/12% , lasting for 2 turn(s). This effect can only trigger once per turn."
Shared Feeling,shared-feeling,4,Abundance,952,423,396,"Increases the wearer's Outgoing Healing by 10/12.5/15/17.5/20% . When using Skill, regenerates 2/2/3/3/4 Energy for all allies."
Shattered Home,shattered-home,3,Destruction,846,370,198,Deals 20 /25/30/35/40 % increased DMG to any enemies whose HP is above 50% .
She Already Shut Her Eyes,she-already-shut-her-eyes,5,Preservation,1270,423,529,"Increases the wearer's Max HP by 24/28/32/36/40% and Energy Regeneration Rate by 12/14/16/18/20% . When the wearer's HP is decreased, increases the DMG of all allies by 9/10.5/12/13.5/15% for 2 turns. At the beginning of each wave, restores HP equal to 80/85/90/95/100% of HP already lost by the character themselves for team."
Sleep Like the Dead,sleep-like-the-dead,5,Hunt,1058,582,463,"Increases the wearer's CRIT DMG by 30 /35/40/45/50 % . When the wearer's Basic ATK or Skill does not result in a CRIT Hit, increases their CRIT Rate by 36 /42/48/54/60 % for 1 turn(s). This effect can only trigger once every 3 turn(s)."
Sneering,sneering,3,Elation,741,370,265,"When Aha Instant is activated, the wearer's Elation increases by 16/20/24/28/32% , lasting until Aha Instant ends."
Solitary Healing,solitary-healing,5,Nihility,1058,529,396,"Increases the wearer's Break Effect by 20/25/30/35/40% . When the wearer unleashes their Ultimate, increases DoT dealt by the wearer by 24/30/36/42/48% for 2 turn(s). Defeating the target suffering from the wearer's DoT allows the wearer to regenerate 4/4.5/5/5.5/6 Energy."
Something Irreplaceable,something-irreplaceable,5,Destruction,1164,582,396,"Increases the wearer's ATK by 24 /28/32/36/40 % . When the wearer defeats an enemy or is hit, immediately restores HP equal to 8 /9/10/11/12 % of the wearer's ATK. At the same time, the wearer's DMG is increased by 24 /28/32/36/40 % until the end of their next turn. This effect cannot stack and can only trigger 1 time per turn."
Subscribe for More!,subscribe-for-more,4,Hunt,952,476,330,Increases the DMG of the wearer's Basic ATK and Skill by 24 /30/36/42/48 % . This effect increases by an extra 24 /30/36/42/48 % when the wearer's current Energy reaches its max level.
Summer Rides the Surf,summer-rides-the-surf,5,Elation,0,0,0,Coming Soon!
"Sweat Now, Cry Less",sweat-now-cry-less,4,Remembrance,1058,529,198,"Increases the wearer's CRIT Rate by 12/14/16/18/20% . When the wearer's memosprite is on the field, increases the wearer and their memosprite's DMG dealt by 24/27/30/33/36% ."
Swordplay,swordplay,4,Hunt,952,476,330,"For each time the wearer hits the same target, DMG dealt increases by 8/10/12/14/16% , stacking up to 5 time(s). This effect will be dispelled when the wearer changes targets."
Texture of Memories,texture-of-memories,5,Preservation,1058,423,529,"Increases the wearer's Effect RES by 8/10/12/14/16% . If the wearer is attacked and has no Shield, they gain a Shield equal to 16/20/24 /28/32 % of their Max HP for 2 turn(s). This effect can only be triggered once every 3 turn(s). If the wearer has a Shield when attacked, the DMG they receive decreases by 12 /15/18/21/24 % ."
The Birth of the Self,the-birth-of-the-self,4,Erudition,952,476,330,"Increases DMG dealt by the wearer's follow-up attacks by 24/30/36/42/48% . If the current HP of the target enemy is below 50% of their Max HP, increases DMG dealt by follow-up attacks by an extra 24/30/36/42/48% ."
The Day The Cosmos Fell,the-day-the-cosmos-fell,4,Erudition,953,476,331,"Increases the wearer's ATK by 16/18/20/22/24% . When the wearer uses an attack and affects no fewer than 2 attacked enemies with a corresponding Weakness, the wearer's CRIT DMG increases by 20/25/30/35/40% for 2 turn(s)."
The Finale of a Lie,the-finale-of-a-lie,5,Hunt,846,635,529,"Increases the wearer's CRIT Rate by 18/21/24/27/30% . At the start of battle or for every 4 instance(s) of Follow-Up ATK the wearer uses, the wearer gains ""Umbra Devourer,"" lasting for 3 turn(s). While the wearer holds ""Umbra Devourer,"" increases ATK by 40/50/60/70/80% and increases the DMG taken by all enemies by 20/22/25/27/30% . Effects of the same type cannot stack."
The Flower Remembers,the-flower-remembers,4,Remembrance,1058,529,331,Increases the wearer's CRIT DMG by 24/28/32/36/40% . The CRIT DMG dealt by the wearer's memosprite increases by 24/28/32/36/40% .
The Forever Victual,the-forever-victual,4,Harmony,953,476,331,"Increases the wearer's ATK by 16/20/24/28/32% . After the wearer uses Skill, increases ATK by 8/10/12/14/16% , stacking up to 3 times."
The Great Cosmic Enterprise,the-great-cosmic-enterprise,4,Erudition,953,476,331,"Increases the wearer's ATK by 8/10/12/14/16% . For every different Weakness Type an enemy target has, increases the DMG dealt by the wearer by 4/5/6/7/8% , up to a max of 7 Weakness Types."
The Hell Where Ideals Burn,the-hell-where-ideals-burn,5,Hunt,953,582,529,"Increases the wearer's CRIT Rate by 16/20/24/28/32% . When entering battle and if the allies' Skill Points max limit is 6 or higher, increases the wearer's ATK by 40/50/60/70/80% . After the wearer uses a Skill, increases their ATK by 10/12/15/17/20% , stacking up to 4 time(s)."
The Moles Welcome You,the-moles-welcome-you,4,Destruction,1058,476,264,"When the wearer uses Basic ATK, Skill, or Ultimate to attack enemies, the wearer gains one stack of Mischievous. Each stack increases the wearer's ATK by 12/15/18/21/24% ."
The Seriousness of Breakfast,the-seriousness-of-breakfast,4,Erudition,846,476,396,"Increases the wearer's DMG by 12/15/18/21/24% . For every defeated enemy, the wearer's ATK increases by 4/5/6/7/8% , stacking up to 3 time(s)."
The Story's Next Page,the-story-s-next-page,4,Remembrance,1058,370,397,"Increases the wearer's Max HP by 16/20/24/28/32% . After the wearer's memosprite attacks, the Outgoing Healing of the wearer and their memosprite increases by 12/15/18/21/24% , lasting for 1 turn(s)."
The Unreachable Side,the-unreachable-side,5,Destruction,1270,582,330,"Increases the wearer's CRIT rate by 18/21 /24/27/ 30% and increases their Max HP by 18/21 /24/27/ 30% . When the wearer is attacked or consumes their own HP, their DMG increases by 24/28 /32/36/ 40% . This effect is removed after the wearer uses an attack."
This Is Me!,this-is-me,4,Preservation,846,370,529,Increases the wearer's DEF by 16 /20/24/28/32 % . Increases the DMG of the wearer when they use their Ultimate by 60 /75/90/105/120 % of the wearer's DEF. This effect only apply 1 time per enemy target.
"This Love, Forever",this-love-forever,5,Remembrance,1270,476,463,"Increases the wearer's SPD by 18/21/24/27/30% . When the wearer's memosprite uses a Memosprite Skill on an ally, gains ""Blank,"" which increases DMG taken by all enemies by 10/12/14/16/18% . When the wearer's memosprite uses a Memosprite Skill on an enemy, gains ""Verse,"" which increases CRIT DMG of all allies by 16/19/22/25/28% . When the wearer's memosprite has both ""Blank"" and ""Verse,"" increases the effects of ""Blank"" and ""Verse"" by 60/65/70/75/80% ."
Those Many Springs,those-many-springs,5,Nihility,952,582,529,"Increases the wearer's Effect Hit Rate by 60/70/80/90/100% . After the wearer uses Basic ATK, Skill, or Ultimate to attack an enemy target, there is a 60% base chance to inflict ""Unarmored"" on the target. While in the Unarmored state, the enemy target receives 10/12/14/16/18% increased DMG, lasting for 2 turn(s). If the target is under a DoT state inflicted by the wearer, there is a 60% base chance to upgrade the ""Unarmored"" state inflicted by the wearer to the ""Cornered"" state, which additionally increases the DMG the target enemy receives by 14/16/18/20/22% , lasting for 2 turn(s). During this period, the wearer cannot inflict ""Unarmored"" on the target."
Though Worlds Apart,though-worlds-apart,5,Preservation,1058,582,463,"Increases the wearer's ATK by 64/80/96/112/128% . When the wearer uses Ultimate, restores HP equal to 10/13/15/18/20% of the wearer's ATK for all allies, and additionally restores HP equal to 10/13/15/18/20% of the wearer's ATK for the character with the lowest current HP, and grants ""Redoubt"" to all allies for 3 turn(s). Targets with ""Redoubt"" deal 24/30/36/42/48% increased DMG, which further increases by 12/15/18/21/24% if the targets have summons."
Thus Burns the Dawn,thus-burns-the-dawn,5,Destruction,953,687,397,"The wearer's base SPD increases by 12/14/16/18/20 . When the wearer deals DMG, ignores 18/22/27/31/36% of the target's DEF. After the wearer uses Ultimate, obtains ""Blazing Sun,"" which is removed at the start of their turn. While ""Blazing Sun"" is in possession, increases the wearer's DMG dealt by 60/78/96/114/132% ."
Time Waits for No One,time-waits-for-no-one,5,Abundance,1270,476,463,"Increases the wearer's Max HP by 18 /21/24/27/30 % and Outgoing Healing by 12 /14/16/18/20 % . When the wearer heals allies, record the amount of Outgoing Healing. When any ally launches an attack, a random attacked enemy takes Additional DMG equal to 36 /42/48/54/60 % of the recorded Outgoing Healing value. This Additional DMG is of the same Type as the wearer's, is not affected by other buffs, and can only occur 1 time per turn"
Time Woven Into Gold,time-woven-into-gold,5,Remembrance,1058,635,397,"Increases the wearer's base SPD by 12/14/16/18/20 . After the wearer and the wearer's memosprite attacks, the wearer gains 1 stack of ""Brocade."" Each stack of ""Brocade"" increases the wearer's and their memosprite's CRIT DMG by 9/10.5/12/13.5/15% , stacking up to 6 time(s). When reaching maximum stacks, each ""Brocade"" stack additionally increases Basic ATK DMG dealt by 9/10.5/12/13.5/15% ."
To Evernight's Stars,to-evernight-s-stars,5,Remembrance,1164,529,463,"Increases the wearer's Max HP by 30/38/45/53/60% . When the wearer's memosprite uses an ability, the wearer gains ""Noctis."" While the wearer has ""Noctis,"" all allies' memosprites ignore 20/22/25/27/30% of the target's DEF when dealing DMG. Increases the DMG dealt by the wearer and their memosprite by 30/38/45/53/60% . When the wearer's memosprite disappears, the wearer recovers 8/10/12/14/16 Energy. Similar effects cannot stack."
Today Is Another Peaceful Day,today-is-another-peaceful-day,4,Erudition,846,529,330,"After entering battle, increases the wearer's DMG based on their Max Energy. DMG increases by 0.2 /0.25/0.3/0.35/0.4 % per point of Energy, up to 160 Energy."
Today's Good Luck,today-s-good-luck,4,Elation,953,529,397,"Increases the wearer's CRIT Rate by 12/14/16/18/20% . When the wearer uses an Elation Skill, increases Elation by 12/14/16/18/20% , stacking up to 2 times."
"Tomorrow, Together",tomorrow-together,4,Elation,953,476,331,"Increases the wearer's CRIT DMG by 12/15/18/21/24% . After the wearer uses their Ultimate, increases the Elation of all allies by 8/9/10/11/12% , lasting for 1 turn(s)."
Trend of the Universal Market,trend-of-the-universal-market,4,Preservation,1058,370,396,"Increases the wearer's DEF by 16 /20/24/28/32 % . When the wearer is attacked, there is a 100 /105/110/115/120 % base chance to Burn the enemy. For each turn, the wearer deals DoT that is equal to 40 /50/60/70/80 % of the wearer's DEF for 2 turn(s)."
Under the Blue Sky,under-the-blue-sky,4,Destruction,952,476,330,"Increases the wearer's ATK by 16 /20/24/28/32 % . When the wearer defeats an enemy, the wearer's CRIT Rate increases by 12 /15/18/21/24 % for 3 turn(s)."
Until the Flowers Bloom Again,until-the-flowers-bloom-again,5,Elation,953,635,463,"Increases the wearer's CRIT DMG by 60/75/90/105/120% and Energy Regeneration Rate by 10/11.5/13/14.5/16% . When the wearer's Max Energy is greater than 120 , for every 10 points of Max Energy that exceeds this amount, further increases Energy Regeneration Rate by 0.3% . Up to a maximum of 360 points of excess Max Energy can be taken into account. When the wearer uses Elation Skill, increases the DMG received by all enemies by 15/18.8/22.5/26.3/30% for 2 turn(s). Effects of the same type cannot stack."
Unto Tomorrow's Morrow,unto-tomorrow-s-morrow,4,Abundance,1058,476,397,"Increases the wearer's Outgoing Healing by 12/15/18/21/24% . When an ally target's current HP percentage is greater than or equal to 50% , increases the DMG dealt by 12/14/16/18/20% ."
Victory In a Blink,victory-in-a-blink,4,Remembrance,847,476,397,"Increases the wearer's CRIT DMG by 12/15/18/21/24% . When the wearer's memosprite uses an ability on any ally target, increases all ally targets' DMG dealt by 8/10/12/14/16% , lasting for 3 turn(s)."
Void,void,3,Nihility,846,317,264,"At the start of battle, increases the wearer's Effect Hit Rate by 20/25/30/35/40% for 3 turn(s)."
Warmth Shortens Cold Nights,warmth-shortens-cold-nights,4,Abundance,1058,370,396,"Increases the wearer's Max HP by 16 /20/24/28/32 % . When using Basic ATK or Skill, restores all allies' HP by an amount equal to 2 /2.5/3/3.5/4 % of their respective Max HP."
We Are Wildfire,we-are-wildfire,4,Preservation,740,476,463,"At the start of the battle, the DMG dealt to all allies decreases by 8 /10/12/14/16 % for 5 turn(s). At the same time, immediately restores HP to all allies equal to 30 /35/40/45/50 % of the respective HP difference between the characters' Max HP and current HP."
We Will Meet Again,we-will-meet-again,4,Nihility,846,529,330,"After the wearer uses Basic ATK or Skill, the wearer deals 48 /60/72/84/96 % of ATK as additional DMG to a random enemy that is attacked by abilities."
Welcome to the Cosmic City,welcome-to-the-cosmic-city,5,Elation,1164,476,529,"Increases the wearer's SPD by 18/21/24/27/30% , and the Elation DMG dealt ignores 20/24/2/32/36% of the target's DEF. When the wearer uses Ultimate on themselves, gains 20/25/30/35/40 ""Punchline."" This effect can be triggered up to 1 time, and will be reset after using Basic ATK 3 time(s)."
What Is Real?,what-is-real,4,Abundance,1058,423,331,Increases the wearer's Break Effect by 24/30/36/42/48% . Wearer's Basic ATKs restore an amount equal to 2/2.5/3/3.5/4% of Max HP plus 800 for themselves.
When She Decided to See,when-she-decided-to-see,5,Elation,1058,529,529,"Increases the wearer's SPD by 18/21/24/27/30% . When the wearer enters combat or uses Ultimate on an ally target, the wearer gains ""Great Fortune"" for 3 turn(s). While the wearer holds ""Great Fortune,"" all allies' CRIT Rate increases by 10/11/12/13/14% , CRIT DMG increases by 30/38/45/53/60% , and the wearer's Energy Regeneration Rate increases by 12/14/16/18/20% . At the start of each wave, the wearer regenerates a fixed amount of 15 Energy."
Whereabouts Should Dreams Rest,whereabouts-should-dreams-rest,5,Destruction,1164,476,529,"Increases the wearer's Break Effect by 60/70/80/90/100% . When the wearer deals Break DMG to an enemy target, inflicts Routed on the enemy, lasting for 2 turn(s). Targets afflicted with Routed receive 24/28/32/36/40% increased Break DMG from the wearer, and their SPD is lowered by 20% . Effects of the similar type cannot be stacked."
Why Does the Ocean Sing,why-does-the-ocean-sing,5,Nihility,953,635,463,"Increases the wearer's Effect Hit Rate by 40/45/50/55/60% . When an enemy target gets inflicted with a debuff by the wearer, there is a 80% base chance for them to enter ""Enthrallment,"" lasting for 3 turn(s). Effects of the same type cannot stack. While the target is in ""Enthrallment,"" for every 1 debuff applied by the wearer on the target, increases the target's received DoT by 5/6.3/7.5/8.7/10% , stacking up to 6 time(s). When the target gets attacked by an ally, increases the attacker's SPD by 10/12.5/15/17.5/20% for 3 turn(s). When the wearer gets knocked down, removes all ""Enthrallment."""
Woof! Walk Time!,woof-walk-time,4,Destruction,952,476,330,"Increases the wearer's ATK by 10/12.5/15/17.5/20% , and increases their DMG to enemies afflicted with Burn or Bleed by 16 /20/24/28/32 % . This also applies to DoT."
"Worrisome, Blissful",worrisome-blissful,5,Hunt,1058,582,463,"Increase the wearer's CRIT Rate by 18/21/24/27/30% and their follow-up attacks' DMG by 30/35/40/45/50% . After the wearer uses a follow-up attack, apply the Tame state to the target, stacking up to 2 stacks. When allies hit enemy targets under the Tame state, every Tame stack increases the CRIT DMG dealt by 12/14/16/18/20% ."
Yet Hope Is Priceless,yet-hope-is-priceless,5,Erudition,952,582,529,"Increases the wearer's CRIT Rate by 16/19/22/25/28% . While the wearer is in battle, for every 20% CRIT DMG that exceeds 120%, the DMG dealt by follow-up attack increases by 12/14/16/18/20% . This effect can stack up to 4 time(s). When the battle starts or after the wearer uses their Basic ATK, enables Ultimate or the DMG dealt by follow-up attack to ignore 20/24/28/32/36% of the target's DEF, lasting for 2 turn(s)."
