name,type,description
"Amphoreus, The Eternal Land",Type: PLANETARY ORNAMENT SET,"(2)

Increases the wearer's CRIT Rate by 8%. While the wearer's memosprite is on the field, increases all allies' SPD by 8%. This effect cannot be stacked."
Arcadia of Woven Dreams,Type: PLANETARY ORNAMENT SET,"(2)

When there are currently more or less than 4 ally targets in battle, each additional/missing ally target increases the wearer and their memosprite's DMG by 9%/12%, up to a maximum of 4/3 stacks."
As Navigator Isee Sees It,Type: RELIC SET,"(2)

Increases ATK by 12%.

(4)

When the wearer enters combat or uses Skill, the DMG dealt by their Skill and Ultimate increases by 18%, stacking up to 3 time(s). At the start of the wearer's turn or after using Ultimate, removes 1 stack(s) of this effect."
Band of Sizzling Thunder,Type: RELIC SET,"(2)

Increases Lightning DMG by 10%.

(4)

When the wearer uses Skill, increases the wearer's ATK by 20% for 1 turn(s)."
Belobog of the Architects,Type: PLANETARY ORNAMENT SET,"(2)

Increases the wearer's DEF by 15%. When the wearer's Effect Hit Rate is 50% or higher, the wearer gains an extra 15% DEF."
Bone Collection's Serene Demesne,Type: PLANETARY ORNAMENT SET,"(2)

Increases the wearer's Max HP by 12%. When the wearer's Max HP is 5000 or higher, increases the wearer's and their memosprite's CRIT DMG by 28%."
Broken Keel,Type: PLANETARY ORNAMENT SET,"(2)

Increases the wearer's Effect RES by 10%. When the wearer's Effect RES is at 30% or higher, all allies' CRIT DMG increases by 10%."
Celestial Differentiator,Type: PLANETARY ORNAMENT SET,"(2)

Increases the wearer's CRIT DMG by 16%. When the wearer's current CRIT DMG reaches 120% or higher, after entering battle, the wearer's CRIT Rate increases by 60% until the end of their first attack."
Champion of Streetwise Boxing,Type: RELIC SET,"(2)

Increases Physical DMG by 10%.

(4)

After the wearer attacks or is hit, their ATK increases by 5% for the rest of the battle. This effect can stack up to 5 time(s)."
City of Converging Stars,Type: PLANETARY ORNAMENT SET,"(2)

When the wearer uses Follow-Up ATK, increases ATK by 24% for 2 turn(s). When an enemy target gets defeated, increases CRIT DMG for all allies by 12% in the current battle. This effect cannot stack."
Cosmic Life Sciences Institute,Type: PLANETARY ORNAMENT SET,"(2)

When entering combat, if the wearer's Max Energy is greater than or equal to 200, increases the wearer's DMG dealt by 0.2% for every 1 point exceeding this value, up to a max increase of 32%.

(4)"
Divine-Querying Master Smith,Type: RELIC SET,"(2)

Increases Max HP by 12%.

(4)

Increases the wearer's CRIT DMG dealt to enemy targets in the DEF reduction state by 28%. After the wearer inflicts the DEF reduction state on an enemy target, all allies gain ""Comburent"" for 2 turn(s). This effect cannot be stacked. The DMG dealt by ally targets with ""Comburent"" increases by 15%. This effect can be triggered again after the wearer uses an attack."
Diviner of Distant Reach,Type: RELIC SET,"(2)

Increases SPD by 6%.

(4)

Before entering combat, if the wearer's SPD is greater than or equal to 120/160, increases the wearer's CRIT Rate by 10%/18%. When the wearer uses Elation Skill for the first time in each battle, enhances all allies' Elation by 10%. This effect cannot stack."
"Duran, Dynasty of Running Wolves",Type: PLANETARY ORNAMENT SET,"(2)

When allies use follow-up attacks, the wearer receives 1 stack of Merit, stacking up to 5 times. Every stack of Merit increases the DMG dealt by the wearer's follow-up attacks by 5%. When there are 5 stacks, additionally increases the wearer's CRIT DMG by 25%."
Eagle of Twilight Line,Type: RELIC SET,"(2)

Increases Wind DMG by 10%.

(4)

After the wearer uses Ultimate, their action is Advanced Forward by 25%."
Ever-Glorious Magical Girl,Type: RELIC SET,"(2)

Increases CRIT DMG by 16%.

(4)

The Elation DMG dealt by the wearer and their memosprites ignores 10% of targets' DEF. For every 5 accumulated Punchline allies gain, the Elation DMG dealt additionally ignores 1% of targets' DEF, stacking up to 10 time(s)."
Fallen Star Anchorage,Type: PLANETARY ORNAMENT SET,"(2)

Increases the wearer's CRIT Rate by 8%. When entering combat, if the wearer and another teammate are both Trailblaze Companions characters, increases the wearer's CRIT DMG by 32%.

(4)"
Firesmith of Lava-Forging,Type: RELIC SET,"(2)

Increases Fire DMG by 10%.

(4)

Increases the wearer's Skill DMG by 12%. After unleashing Ultimate, increases the wearer's Fire DMG by 12% for next attack."
Firmament Frontline: Glamoth,Type: PLANETARY ORNAMENT SET,"(2)

Increases the wearer's ATK by 12%. When the wearer's SPD is equal to or higher than 135/160, the wearer deals 12%/18% more DMG."
Fleet of the Ageless,Type: PLANETARY ORNAMENT SET,"(2)

Increases the wearer's Max HP by 12%. When the wearer's SPD reaches 120 or higher, all allies' ATK increases by 8%."
Forge of the Kalpagni Lantern,Type: PLANETARY ORNAMENT SET,"(2)

Increase the wearer's SPD by 6%. When the wearer hits enemy targets with Fire Weakness, the wearer's Break Effect increases by 40%, lasting for 1 turn(s)."
Genius of Brilliant Stars,Type: RELIC SET,"(2)

Increases Quantum DMG by 10%.

(4)

When the wearer deals DMG to the target enemy, ignores 10% DEF. If the target enemy has Quantum Weakness, the wearer additionally ignores 10% DEF."
Giant Tree of Rapt Brooding,Type: PLANETARY ORNAMENT SET,"(2)

Increases the wearer's SPD by 6%. When the wearer's SPD is 135/180 or higher, the wearer and their memosprite's Outgoing Healing increases by 12%/20%."
Guard of Wuthering Snow,Type: RELIC SET,"(2)

Reduces DMG taken by 8%.

(4)

At the beginning of the turn, if the wearer's HP is equal to or less than 50% of their Max HP, restores HP equal to 8% of their Max HP and regenerates 5 Energy."
Hero of Triumphant Song,Type: RELIC SET,"(2)

Increases ATK by 12%.

(4)

While the wearer's memosprite is on the field, increases the wearer's SPD by 6%. When the wearer's memosprite attacks, increases the wearer and memosprite's CRIT DMG by 30% for 2 turn(s)."
Hunter of Glacial Forest,Type: RELIC SET,"(2)

Increases Ice DMG by 10%.

(4)

After the wearer unleashes their Ultimate, their CRIT DMG increases by 25% for 2 turn(s)."
Inert Salsotto,Type: PLANETARY ORNAMENT SET,"(2)

Increases the wearer's CRIT Rate by 8%. When the wearer's current CRIT Rate reaches 50% or higher, the wearer's Ultimate and follow-up attack DMG increases by 15%."
Iron Cavalry Against the Scourge,Type: RELIC SET,"(2)

Increases Break Effect by 16%.

(4)

If the wearer's Break Effect is 150% or higher, ignores 10% of the enemy target's DEF when dealing Break DMG to them. When the wearer's Break Effect is 250% or higher, the Super Break DMG they deal to enemy targets additionally ignores 15% of the targets' DEF."
Izumo Gensei and Takama Divine Realm,Type: PLANETARY ORNAMENT SET,"(2)

Increases the wearer's ATK by 12%. When entering battle, if at least one other ally follows the same Path as the wearer, then the wearer's CRIT Rate increases by 12%."
Knight of Purity Palace,Type: RELIC SET,"(2)

Increases DEF by 15%.

(4)

Increases the max DMG that can be absorbed by the shield created by the wearer by 20%."
Longevous Disciple,Type: RELIC SET,"(2)

Increases Max HP by 12%.

(4)

When the wearer is hit or has their HP consumed by an ally or themselves, their CRIT Rate increases by 8% for 2 turn(s) and up to 2 stacks."
"Lushaka, the Sunken Seas",Type: PLANETARY ORNAMENT SET,"(2)

Increases the wearer's Energy Regeneration Rate by 5%. If the wearer is not the first character in the team lineup, then increase the ATK of the first character in the team lineup by 12%."
Messenger Traversing Hackerspace,Type: RELIC SET,"(2)

Increases SPD by 6%.

(4)

When the wearer uses their Ultimate on an ally, SPD for all allies increases by 12% for 1 turn(s). This effect cannot be stacked."
Musketeer of Wild Wheat,Type: RELIC SET,"(2)

ATK increases by 12%.

(4)

The wearer's SPD increases by 6% and Basic ATK DMG increases by 10%."
Pan-Cosmic Commercial Enterprise,Type: PLANETARY ORNAMENT SET,"(2)

Increases the wearer's Effect Hit Rate by 10%. Meanwhile, the wearer's ATK increases by an amount that is equal to 25% of the current Effect Hit Rate, up to a maximum of 25%."
Passerby of Wandering Cloud,Type: RELIC SET,"(2)

Increases Outgoing Healing by 10%.

(4)

At the beginning of the battle, immediately recovers 1 Skill Point."
"Penacony, Land of the Dreams",Type: PLANETARY ORNAMENT SET,"(2)

Increases wearer's Energy Regeneration Rate by 5%. Increases DMG for all other allies with the same DMG Type as the wearer by 10%."
Pioneer Diver of Dead Waters,Type: RELIC SET,"(2)

Increases DMG dealt to enemies with debuff by 12%.

(4)

Increases CRIT Rate by 4%. The wearer deals 8%/12% increased CRIT DMG to enemies with at least 2/3 debuffs. After the wearer inflicts a debuff on enemy targets, the aforementioned effects increase by 100%, lasting for 1 turn."
Poet of Mourning Collapse,Type: RELIC SET,"(2)

Increases Quantum DMG by 10%.

(4)

Decreases the wearer's SPD by 8%. Before entering battle, if the wearer's SPD is less than 110/95, increases the wearer's CRIT Rate by 20%/32%. This effect also applies to the wearer's memosprite."
Prisoner in Deep Confinement,Type: RELIC SET,"(2)

Increases ATK by 12%.

(4)

For every DoT the target enemy is afflicted with, the wearer will ignore 6% of target's DEF when dealing DMG to them. This effect is valid for a max of 3 DoTs."
Punklorde Stage Zero,Type: PLANETARY ORNAMENT SET,"(2)

Increases the wearer's Elation by 8%. When Elation reaches 40%/80% for the first time in combat, increases the wearer's CRIT DMG by 20%/32%."
Revelry by the Sea,Type: PLANETARY ORNAMENT SET,"(2)

Increases the wearer's ATK by 12%. When the wearer's ATK is higher than or equal to 2400/3600, increases the DoT DMG dealt by 12%/24%."
Rutilant Arena,Type: PLANETARY ORNAMENT SET,"(2)

Increases the wearer's CRIT Rate by 8%. When the wearer's current CRIT Rate reaches 70% or higher, the wearer's Basic ATK and Skill DMG increase by 20%."
Sacerdos' Relived Ordeal,Type: RELIC SET,"(2)

Increases SPD by 6%.

(4)

When using Skill or Ultimate on one ally target, increases the ability target's CRIT DMG by 18%, lasting for 2 turn(s). This effect can stack up to 2 time(s)."
Scholar Lost in Erudition,Type: RELIC SET,"(2)

Increases CRIT Rate by 8%.

(4)

Increases DMG dealt by Skill and Ultimate by 20%. After using Ultimate, additionally increases the DMG dealt by the next Skill by 25%."
Self-Enshrouded Recluse,Type: RELIC SET,"(2)

Increases Shield Effect by 10%.

(4)

Increases Shield Effect provided by the wearer by 12%. When an ally target has a Shield provided by the wearer, the ally target's CRIT DMG increases by 15%."
"Sigonia, the Unclaimed Desolation",Type: PLANETARY ORNAMENT SET,"(2)

Increases the wearer's CRIT Rate by 4%. When an enemy target gets defeated, the wearer's CRIT DMG increases by 4%, stacking up to 10 time(s)."
Space Sealing Station,Type: PLANETARY ORNAMENT SET,"(2)

Increases the wearer's ATK by 12%. When the wearer's SPD reaches 120 or higher, the wearer's ATK increases by an extra 12%."
Sprightly Vonwacq,Type: PLANETARY ORNAMENT SET,"(2)

Increases the wearer's Energy Regeneration Rate by 5%. When the wearer's SPD reaches 120 or higher, the wearer's action is Advanced Forward by 40% immediately upon entering battle."
Talia: Kingdom of Banditry,Type: PLANETARY ORNAMENT SET,"(2)

Increases the wearer's Break Effect by 16%. When the wearer's SPD reaches 145 or higher, the wearer's Break effect increases by an extra 20%."
Tengoku@Livestream,Type: PLANETARY ORNAMENT SET,"(2)

Increases the wearer's CRIT DMG by 16%. If 3 or more Skill Points are consumed in the same turn, additionally increases the wearer's CRIT DMG by 32% for 3 turns."
The Ashblazing Grand Duke,Type: RELIC SET,"(2)

Increases follow-up attack DMG by 20%.

(4)

When the wearer uses follow-up attacks against the target enemy, increase the wearer's ATK by 6% for every time the follow-up attack deals DMG. This effect can stack for a maximum of 8 times and lasts for 3 turns. This effect is removed the next time the wearer uses a follow-up attack."
The Wind-Soaring Valorous,Type: RELIC SET,"(2)

ATK increases by 12%.

(4)

Increases the wearer's CRIT Rate by 6%. When the wearer uses a follow-up attack, increase the DMG dealt by their Ultimate by 36%, lasting for 1 turn(s)."
The Wondrous BananAmusement Park,Type: PLANETARY ORNAMENT SET,"(2)

Increases the wearer's CRIT DMG by 16%. When a target summoned by the wearer is on the field, CRIT DMG additionally increases by 32%."
Thief of Shooting Meteor,Type: RELIC SET,"(2)

Increases Break Effect by 16%

(4)

Increases the wearer's Break Effect by 16%. When the wearer inflicts Weakness Break on an enemy, regenerates 3 Energy."
Warrior Goddess of Sun and Thunder,Type: RELIC SET,"(2)

Increases SPD by 6%.

(4)

When the wearer and their memosprite provide healing to ally targets aside from themselves, the wearer gains ""Gentle Rain,"" which can be triggered up to 1 time per turn, lasting for 2 turn(s). While the wearer has ""Gentle Rain,"" increases their SPD by 6% and all allies' CRIT DMG by 15%. This effect cannot be stacked."
Wastelander of Banditry Desert,Type: RELIC SET,"(2)

Increases Imaginary DMG by 10%.

(4)

When attacking debuffed enemies, the wearer's CRIT Rate increases by 10%, and their CRIT DMG increases by 20% against Imprisoned enemies."
"Watchmaker, Master of Dream Machinations",Type: RELIC SET,"(2)

Increases Break Effect by 16%.

(4)

When the wearer uses their Ultimate on an ally, Break Effect for all allies increases by 30% for 2 turn(s). This effect cannot be stacked."
Wavestrider Captain,Type: RELIC SET,"(2)

Increases CRIT DMG by 16%.

(4)

When the wearer becomes the target of another ally target's ability, gains 1 stack of ""Help,"" stacking up to 2 time(s). If there are 2 stack(s) of ""Help"" when the wearer uses their Ultimate, consumes all ""Help"" to increase the wearer's ATK by 48% for 1 turn(s)."
World-Remaking Deliverer,Type: RELIC SET,"(2)

Increases CRIT Rate by 8%.

(4)

After the wearer uses Basic ATK or Skill, if the wearer's memosprite is on the field, increases Max HP of the wearer and their memosprite by 24%, and increases all allies' DMG by 15% until the wearer's next Basic ATK or Skill."
