character_file,path_id,ability_kind,variable_name,min_value,eidolon_value,eidolon_value_2,raw_args,literal
TrailblazerRemembrance,8000,basic,basicScaling,1.00,1.10,,"1.00, 1.10",True
TrailblazerRemembrance,8000,basic,enhancedBasicScaling,1.20,1.32,,"1.20, 1.32",True
TrailblazerRemembrance,8000,ult,ultScaling,2.40,2.64,,"2.40, 2.64",True
TrailblazerRemembrance,8000,talent,memoHpScaling,0.80,0.86,,"0.80, 0.86",True
TrailblazerRemembrance,8000,talent,memoHpFlat,640,688,,"640, 688",True
TrailblazerRemembrance,8000,memoSkill,memoSkillHitScaling,0.36,0.396,,"0.36, 0.396",True
TrailblazerRemembrance,8000,memoSkill,memoSkillFinalScaling,0.90,0.99,,"0.90, 0.99",True
TrailblazerRemembrance,8000,memoTalent,memoTalentCdBuffScaling,0.12,0.132,,"0.12, 0.132",True
TrailblazerRemembrance,8000,memoTalent,memoTalentCdBuffFlat,0.24,0.264,,"0.24, 0.264",True
TrailblazerRemembrance,8000,memoSkill,trueDmgScaling,0.28,0.30,,"0.28, 0.30",True
TrailblazerDestruction,8000,talent,talentAtkScalingValue,0.20,0.22,,"0.20, 0.22",True
TrailblazerDestruction,8000,basic,basicScaling,1.00,1.10,,"1.00, 1.10",True
TrailblazerDestruction,8000,skill,skillScaling,1.25,1.375,,"1.25, 1.375",True
TrailblazerDestruction,8000,ult,ultScaling,4.5,4.80,,"4.5, 4.80",True
TrailblazerDestruction,8000,ult,ultEnhancedScaling,2.70,2.88,,"2.70, 2.88",True
TrailblazerDestruction,8000,ult,ultEnhancedScaling2,1.62,1.728,,"1.62, 1.728",True
TrailblazerPreservation,8000,skill,skillDamageReductionValue,0.50,0.52,,"0.50, 0.52",True
TrailblazerPreservation,8000,basic,basicAtkScaling,1.00,1.10,,"1.00, 1.10",True
TrailblazerPreservation,8000,basic,basicEnhancedAtkScaling,1.35,1.463,,"1.35, 1.463",True
TrailblazerPreservation,8000,ult,ultAtkScaling,1.00,1.10,,"1.00, 1.10",True
TrailblazerPreservation,8000,ult,ultDefScaling,1.50,1.65,,"1.50, 1.65",True
TrailblazerPreservation,8000,talent,talentShieldScaling,0.06,0.064,,"0.06, 0.064",True
TrailblazerPreservation,8000,talent,talentShieldFlat,80,89,,"80, 89",True
TrailblazerHarmony,8000,basic,basicScaling,1.00,1.10,,"1.00, 1.10",True
TrailblazerHarmony,8000,skill,skillScaling,0.50,0.55,,"0.50, 0.55",True
TrailblazerHarmony,8000,ult,ultBeScaling,0.30,0.33,,"0.30, 0.33",True
TrailblazerElation,8000,basic,basicScaling,1.00,1.10,,"1.00, 1.10",True
TrailblazerElation,8000,skill,skillScaling,0.60,0.66,,"0.60, 0.66",True
TrailblazerElation,8000,ult,ultCdBuffValue,0.50,0.54,,"0.50, 0.54",True
TrailblazerElation,8000,talent,talentSkillElationScaling,0.30,0.33,,"0.30, 0.33",True
Ashveil,1500,basic,basicScaling,1.00,1.10,,"1.00, 1.10",True
Ashveil,1500,skill,skillScaling,2.00,2.20,,"2.00, 2.20",True
Ashveil,1500,skill,skillAdditionalScaling,1.00,1.10,,"1.00, 1.10",True
Ashveil,1500,skill,skillDefPenValue,0.40,0.44,,"0.40, 0.44",True
Ashveil,1500,ult,ultScaling,4.00,4.40,,"4.00, 4.40",True
Ashveil,1500,ult,ultBonusFuaScaling,2.00,2.20,,"2.00, 2.20",True
Ashveil,1500,talent,talentFuaScaling,2.00,2.20,,"2.00, 2.20",True
MortenaxBlade,1500,basic,basicScaling,0.50,0.55,,"0.50, 0.55",True
MortenaxBlade,1500,basic,enhancedBasicScaling,1.00,1.10,,"1.00, 1.10",True
MortenaxBlade,1500,skill,skillAoeScaling,0.72,0.792,,"0.72, 0.792",True
MortenaxBlade,1500,skill,skillBounceScaling,0.24,0.264,,"0.24, 0.264",True
MortenaxBlade,1500,ult,enhancedUltScaling,3.50,3.78,,"3.50, 3.78",True
MortenaxBlade,1500,ult,ultDefReductionValue,0.30,0.32,,"0.30, 0.32",True
MortenaxBlade,1500,ult,ultVulnerabilityValue,0.50,0.54,,"0.50, 0.54",True
MortenaxBlade,1500,ult,ultCdBuffValue,0.60,0.66,,"0.60, 0.66",True
Pearl,1500,basic,basicScaling,0.90,0.99,,"0.90, 0.99",True
Pearl,1500,basic,enhancedBasicScaling,1.00,1.10,,"1.00, 1.10",True
Pearl,1500,basic,enhancedBasicHealScaling,0.08,0.088,,"0.08, 0.088",True
Pearl,1500,basic,enhancedBasicHealFlat,160,176,,"160, 176",True
Pearl,1500,basic,enhancedBasicElationScaling,0.15,0.1625,,"0.15, 0.1625",True
Pearl,1500,skill,skillHealScaling,0.12,0.132,,"0.12, 0.132",True
Pearl,1500,skill,skillHealFlat,240,264,,"240, 264",True
Pearl,1500,ult,ultDeepLearningElationScaling,0.60,0.66,,"0.60, 0.66",True
Pearl,1500,talent,talentDmgReduction,0.30,0.33,,"0.30, 0.33",True
AventurineWaveflair,1500,basic,basicScaling,1.00,1.10,,"1.00, 1.10",True
AventurineWaveflair,1500,skill,skillScaling,2.40,2.64,,"2.40, 2.64",True
AventurineWaveflair,1500,ult,ultScaling,4.00,4.32,,"4.00, 4.32",True
AventurineWaveflair,1500,ult,ultSpdBuff,0.30,0.336,,"0.30, 0.336",True
AventurineWaveflair,1500,talent,talentSkillElationScaling,0.40,0.44,,"0.40, 0.44",True
AventurineWaveflair,1500,talent,talentUltElationScaling,0.72,0.792,,"0.72, 0.792",True
Evanescia,1500,basic,basicScaling,1.00,1.10,,"1.00, 1.10",True
Evanescia,1500,skill,skillMainScaling,3.00,3.30,,"3.00, 3.30",True
Evanescia,1500,ult,ultAoeScaling,1.60,1.76,,"1.60, 1.76",True
Evanescia,1500,ult,ultBounceScaling,1.20,1.296,,"1.20, 1.296",True
Evanescia,1500,talent,talentSkillElationScaling,0.16,0.176,,"0.16, 0.176",True
Evanescia,1500,talent,talentUltAoeElationScaling,0.24,0.264,,"0.24, 0.264",True
Evanescia,1500,talent,talentUltBounceElationScaling,0.28,0.308,,"0.28, 0.308",True
Evanescia,1500,talent,foxTeacherAtkScaling,1.00,1.10,,"1.00, 1.10",True
Evanescia,1500,talent,foxTeacherElationScaling,0.25,0.275,,"0.25, 0.275",True
RinTohsaka,1500,basic,basicScaling,1.00,1.10,,"1.00, 1.10",True
RinTohsaka,1500,skill,skillScaling,1.80,1.98,,"1.80, 1.98",True
RinTohsaka,1500,skill,enhancedSkillAoeScaling,0.90,0.99,,"0.90, 0.99",True
RinTohsaka,1500,skill,enhancedSkillBounceScaling,0.90,0.99,,"0.90, 0.99",True
RinTohsaka,1500,ult,ultScaling,6.00,6.60,,"6.00, 6.60",True
RinTohsaka,1500,ult,ultVulnerabilityValue,0.20,0.22,,"0.20, 0.22",True
RinTohsaka,1500,talent,fuaScaling,3.00,3.30,,"3.00, 3.30",True
RinTohsaka,1500,talent,talentCdBuffValue,0.70,0.77,,"0.70, 0.77",True
HimekoNova,1500,basic,basicScaling,1.00,1.10,,"1.00, 1.10",True
HimekoNova,1500,ult,ultBeamScaling,0.32,0.352,,"0.32, 0.352",True
HimekoNova,1500,ult,ultOrbitalAoeScaling,0.20,0.22,,"0.20, 0.22",True
HimekoNova,1500,ult,ultOrbitalRandomScaling,0.30,0.33,,"0.30, 0.33",True
HimekoNova,1500,ult,ultFinalHitScaling,0.80,0.88,,"0.80, 0.88",True
HimekoNova,1500,skill,skillDmgBuffValue,0.20,0.22,,"0.20, 0.22",True
HimekoNova,1500,talent,talentCdBuffValue,0.80,0.88,,"0.80, 0.88",True
HimekoNova,1500,talent,talentResPenValue,0.20,0.22,,"0.20, 0.22",True
HimekoNova,1500,skill,selfAssistAoeScaling,2.00,2.20,,"2.00, 2.20",True
HimekoNova,1500,skill,selfAssistRandomScaling,0.32,0.348,,"0.32, 0.348",True
HimekoNova,1500,skill,allyAssistAoeScaling,1.60,1.76,,"1.60, 1.76",True
HimekoNova,1500,skill,allyAssistRandomScaling,0.24,0.264,,"0.24, 0.264",True
HimekoNova,1500,skill,verdictDmgBoostValue,1.00,1.10,,"1.00, 1.10",True
HimekoNova,1500,skill,verdictUltDmgBoostValue,1.00,1.10,,"1.00, 1.10",True
HimekoNova,1500,skill,decimationCdValue,1.00,1.10,,"1.00, 1.10",True
HimekoNova,1500,skill,decimationSkillCdValue,1.00,1.10,,"1.00, 1.10",True
SilverWolfLv999,1500,basic,basicScaling,1.00,1.10,,"1.00, 1.10",True
SilverWolfLv999,1500,basic,enhancedBasicBounceScaling,2.40,2.64,,"2.40, 2.64",True
SilverWolfLv999,1500,basic,enhancedBasicFinalHitScaling,1.00,1.10,,"1.00, 1.10",True
SilverWolfLv999,1500,skill,skillScaling,1.60,1.76,,"1.60, 1.76",True
SilverWolfLv999,1500,ult,mysteryBoxElationScaling,0.90,0.99,,"0.90, 0.99",True
SilverWolfLv999,1500,talent,talentCBElationScaling,0.40,0.44,,"0.40, 0.44",True
SilverWolfLv999,1500,talent,mmrCrPerPoint,0.004,0.0044,,"0.004, 0.0044",True
SilverWolfLv999,1500,talent,mmrCdPerPoint,0.008,0.0088,,"0.008, 0.0088",True
Yaoguang,1500,basic,basicScaling,0.90,0.99,,"0.90, 0.99",True
Yaoguang,1500,skill,skillElationBuff,0.20,0.22,,"0.20, 0.22",True
Yaoguang,1500,ult,ultResPenValue,0.20,0.22,,"0.20, 0.22",True
Yaoguang,1500,talent,talentElationScaling,0.20,0.22,,"0.20, 0.22",True
RobinSummeretto,1500,basic,basicScaling,0.50,0.55,,"0.50, 0.55",True
RobinSummeretto,1500,memoSkill,memoSkillScaling,1.50,1.65,,"1.50, 1.65",True
RobinSummeretto,1500,talent,talentZoneDefPen,0.15,0.16,,"0.15, 0.16",True
RobinSummeretto,1500,memoTalent,memoTalentDmgBoost,0.60,0.66,,"0.60, 0.66",True
RobinSummeretto,1500,memoTalent,memoTalentDmgBoostPerVibe,0.02,0.022,,"0.02, 0.022",True
RobinSummeretto,1500,memoTalent,,0.08,0.088,,"0.08, 0.088",True
RobinSummeretto,1500,memoTalent,,0.12,0.132,,"0.12, 0.132",True
RobinSummeretto,1500,memoTalent,,0.16,0.176,,"0.16, 0.176",True
Gilgamesh,1500,basic,basicScaling,1.00,1.10,,"1.00, 1.10",True
Gilgamesh,1500,skill,skillScaling,2.80,3.08,,"2.80, 3.08",True
Gilgamesh,1500,skill,skillDefIgnoreValue,0.30,0.33,,"0.30, 0.33",True
Gilgamesh,1500,ult,ultScaling,4.00,4.40,,"4.00, 4.40",True
Gilgamesh,1500,ult,ultBounceScaling,1.00,1.10,,"1.00, 1.10",True
Gilgamesh,1500,talent,jointFuaScaling,4.00,4.40,,"4.00, 4.40",True
Gilgamesh,1500,talent,talentUltDmgBuffValue,0.40,0.44,,"0.40, 0.44",True
Sparxie,1500,basic,basicScaling,1.00,1.10,,"1.00, 1.10",True
Sparxie,1500,skill,engagementScaling,0.20,0.22,,"0.20, 0.22",True
Sparxie,1500,ult,ultAtkScaling,0.50,0.54,,"0.50, 0.54",True
Sparxie,1500,talent,talentMainElationScaling,0.40,0.44,,"0.40, 0.44",True
Sparxie,1500,talent,talentEngagementElationScaling,0.20,0.22,,"0.20, 0.22",True
Sparxie,1500,talent,talentUltElationScaling,0.48,0.528,,"0.48, 0.528",True
Asta,1000,ult,ultSpdBuffValue,50,52.8,,"50, 52.8",True
Asta,1000,talent,talentStacksAtkBuff,0.14,0.154,,"0.14, 0.154",True
Asta,1000,basic,basicScaling,1.0,1.1,,"1.0, 1.1",True
Asta,1000,skill,skillScaling,0.50,0.55,,"0.50, 0.55",True
Asta,1000,basic,dotScaling,0.50,0.55,,"0.50, 0.55",True
Himeko,1000,basic,basicScaling,1.00,1.10,,"1.00, 1.10",True
Himeko,1000,skill,skillScaling,2.00,2.20,,"2.00, 2.20",True
Himeko,1000,ult,ultScaling,2.30,2.484,,"2.30, 2.484",True
Himeko,1000,talent,fuaScaling,1.40,1.54,,"1.40, 1.54",True
Saber,1000,basic,basicScaling,1.00,1.10,,"1.00, 1.10",True
Saber,1000,basic,basicEnhancedScaling,1.50,1.65,,"1.50, 1.65",True
Saber,1000,basic,basicEnhancedExtraScaling,2.20,2.42,,"2.20, 2.42",True
Saber,1000,skill,skillScaling,1.50,1.65,,"1.50, 1.65",True
Saber,1000,skill,skillStackScaling,0.14,0.154,,"0.14, 0.154",True
Saber,1000,ult,ultScaling,2.80,3.08,,"2.80, 3.08",True
Saber,1000,ult,ultBounceScaling,1.10,1.21,,"1.10, 1.21",True
Saber,1000,talent,talentDmgBuffScaling,0.60,0.66,,"0.60, 0.66",True
Arlan,1000,basic,basicScaling,1.00,1.10,,"1.00, 1.10",True
Arlan,1000,skill,skillScaling,2.40,2.64,,"2.40, 2.64",True
Arlan,1000,ult,ultScaling,3.20,3.456,,"3.20, 3.456",True
Arlan,1000,talent,talentMissingHpDmgBoostMax,0.72,0.792,,"0.72, 0.792",True
KafkaB1,1000,basic,basicScaling,1.00,1.10,,"1.00, 1.10",True
KafkaB1,1000,skill,skillScaling,1.60,1.76,,"1.60, 1.76",True
KafkaB1,1000,ult,ultScaling,0.80,0.864,,"0.80, 0.864",True
KafkaB1,1000,talent,fuaScaling,1.40,1.596,,"1.40, 1.596",True
KafkaB1,1000,ult,dotScaling,2.90,3.18275,,"2.90, 3.18275",True
DanHeng,1000,talent,extraPenValue,0.36,0.396,,"0.36, 0.396",True
DanHeng,1000,basic,basicScaling,1.00,1.10,,"1.00, 1.10",True
DanHeng,1000,skill,skillScaling,2.60,2.86,,"2.60, 2.86",True
DanHeng,1000,ult,ultScaling,4.00,4.32,,"4.00, 4.32",True
DanHeng,1000,ult,ultExtraScaling,1.20,1.296,,"1.20, 1.296",True
SilverWolfB1,1000,basic,basicScaling,1.00,1.10,,"1.00, 1.10",True
SilverWolfB1,1000,skill,skillScaling,1.96,2.156,,"1.96, 2.156",True
SilverWolfB1,1000,ult,ultScaling,3.80,4.104,,"3.80, 4.104",True
SilverWolfB1,1000,skill,skillResShredValue,0.13,0.135,,"0.13, 0.135",True
SilverWolfB1,1000,talent,talentDefShredDebuffValue,0.12,0.132,,"0.12, 0.132",True
SilverWolfB1,1000,ult,ultDefShredValue,0.45,0.468,,"0.45, 0.468",True
SilverWolfB1,1000,talent,bugBaseChance,1.00,1.08,,"1.00, 1.08",True
SilverWolfB1,1000,ult,ultBaseChance,1.20,1.28,,"1.20, 1.28",True
SilverWolfB1,1000,skill,,120,128,,"120, 128",True
SilverWolfB1,1000,talent,,10,11,,"10, 11",True
SilverWolfB1,1000,talent,,12,13.2,,"12, 13.2",True
SilverWolfB1,1000,talent,,6,6.6,,"6, 6.6",True
March7th,1000,basic,basicScaling,1.00,1.10,,"1.00, 1.10",True
March7th,1000,ult,ultScaling,1.50,1.62,,"1.50, 1.62",True
March7th,1000,talent,fuaScaling,1.00,1.10,,"1.00, 1.10",True
March7th,1000,skill,skillShieldScaling,0.57,0.608,,"0.57, 0.608",True
March7th,1000,skill,skillShieldFlat,760,845.5,,"760, 845.5",True
Archer,1000,basic,basicScaling,1.00,1.10,,"1.00, 1.10",True
Archer,1000,skill,skillScaling,3.60,3.96,,"3.60, 3.96",True
Archer,1000,skill,skillEnhancedExtraScaling,1.00,1.08,,"1.00, 1.08",True
Archer,1000,ult,ultScaling,10.00,10.80,,"10.00, 10.80",True
Archer,1000,talent,fuaScaling,2.00,2.20,,"2.00, 2.20",True
WeltB1,1000,basic,basicScaling,1.00,1.10,,"1.00, 1.10",True
WeltB1,1000,skill,skillScaling,0.72,0.792,,"0.72, 0.792",True
WeltB1,1000,ult,ultScaling,1.50,1.62,,"1.50, 1.62",True
WeltB1,1000,talent,talentScaling,1.00,1.10,,"1.00, 1.10",True
Herta,1000,basic,basicScaling,1.00,1.10,,"1.00, 1.10",True
Herta,1000,skill,skillScaling,1.00,1.10,,"1.00, 1.10",True
Herta,1000,ult,ultScaling,2.00,2.16,,"2.00, 2.16",True
Herta,1000,talent,fuaScaling,0.40,0.43,,"0.40, 0.43",True
Misha,1300,basic,basicScaling,1.00,1.10,,"1.00, 1.10",True
Misha,1300,skill,skillScaling,2.00,2.20,,"2.00, 2.20",True
Misha,1300,ult,ultStackScaling,0.60,0.65,,"0.60, 0.65",True
SparkleB1,1300,skill,skillCdBuffScaling,0.24,0.264,,"0.24, 0.264",True
SparkleB1,1300,skill,skillCdBuffBase,0.45,0.486,,"0.45, 0.486",True
SparkleB1,1300,ult,cipherTalentStackBoost,0.06,0.0648,,"0.06, 0.0648",True
SparkleB1,1300,talent,talentBaseStackBoost,0.04,0.044,,"0.04, 0.044",True
SparkleB1,1300,basic,basicScaling,1.00,1.10,,"1.00, 1.10",True
Robin,1300,skill,skillDmgBuffValue,0.50,0.55,,"0.50, 0.55",True
Robin,1300,talent,talentCdBuffValue,0.20,0.23,,"0.20, 0.23",True
Robin,1300,ult,ultAtkBuffScalingValue,0.228,0.2432,,"0.228, 0.2432",True
Robin,1300,ult,ultAtkBuffFlatValue,200,230,,"200, 230",True
Robin,1300,basic,basicScaling,1.00,1.10,,"1.00, 1.10",True
Robin,1300,ult,ultScaling,1.20,1.296,,"1.20, 1.296",True
Aventurine,1300,basic,basicScaling,1.00,1.10,,"1.00, 1.10",True
Aventurine,1300,ult,ultScaling,2.70,2.916,,"2.70, 2.916",True
Aventurine,1300,ult,ultCdBoost,0.15,0.162,,"0.15, 0.162",True
Aventurine,1300,talent,talentDmgScaling,0.25,0.275,,"0.25, 0.275",True
Aventurine,1300,talent,talentResScaling,0.50,0.55,,"0.50, 0.55",True
Aventurine,1300,skill,skillShieldScaling,0.24,0.256,,"0.24, 0.256",True
Aventurine,1300,skill,skillShieldFlat,320,356,,"320, 356",True
Argenti,1300,basic,basicScaling,1.00,1.10,,"1.00, 1.10",True
Argenti,1300,skill,skillScaling,1.20,1.32,,"1.20, 1.32",True
Argenti,1300,ult,ultScaling,1.60,1.728,,"1.60, 1.728",True
Argenti,1300,ult,ultEnhancedScaling,2.80,3.024,,"2.80, 3.024",True
Argenti,1300,ult,ultEnhancedExtraHitScaling,0.95,1.026,,"0.95, 1.026",True
Argenti,1300,talent,talentCrStackValue,0.025,0.028,,"0.025, 0.028",True
BlackSwanB1,1300,talent,arcanaStackMultiplier,0.12,0.132,,"0.12, 0.132",True
BlackSwanB1,1300,ult,epiphanyDmgTakenBoost,0.25,0.27,,"0.25, 0.27",True
BlackSwanB1,1300,skill,skillDefShredValue,0.208,0.22,,"0.208, 0.22",True
BlackSwanB1,1300,basic,basicScaling,1.00,1.10,,"1.00, 1.10",True
BlackSwanB1,1300,skill,skillScaling,0.90,0.99,,"0.90, 0.99",True
BlackSwanB1,1300,ult,ultScaling,1.20,1.296,,"1.20, 1.296",True
BlackSwanB1,1300,talent,dotScaling,2.40,2.64,,"2.40, 2.64",True
BlackSwanB1,1300,talent,dotChance,0.65,0.68,,"0.65, 0.68",True
Sunday,1300,skill,skillDmgBoostValue,0.30,0.33,,"0.30, 0.33",True
Sunday,1300,skill,skillDmgBoostSummonValue,0.50,0.55,,"0.50, 0.55",True
Sunday,1300,ult,ultCdBoostValue,0.30,0.336,,"0.30, 0.336",True
Sunday,1300,ult,ultCdBoostBaseValue,0.12,0.128,,"0.12, 0.128",True
Sunday,1300,talent,talentCrBuffValue,0.20,0.22,,"0.20, 0.22",True
Sunday,1300,basic,basicScaling,1.00,1.10,,"1.00, 1.10",True
RuanMei,1300,ult,fieldResPenValue,0.25,0.27,,"0.25, 0.27",True
RuanMei,1300,basic,basicScaling,1.00,1.10,,"1.00, 1.10",True
RuanMei,1300,skill,skillScaling,0.32,0.352,,"0.32, 0.352",True
RuanMei,1300,talent,talentSpdScaling,0.10,0.104,,"0.10, 0.104",True
Acheron,1300,basic,basicScaling,1.00,1.10,,"1.00, 1.10",True
Acheron,1300,skill,skillScaling,1.60,1.76,,"1.60, 1.76",True
Acheron,1300,ult,ultRainbladeScaling,0.24,0.2592,,"0.24, 0.2592",True
Acheron,1300,ult,ultCrimsonKnotScaling,0.15,0.162,,"0.15, 0.162",True
Acheron,1300,ult,ultStygianResurgeScaling,1.20,1.296,,"1.20, 1.296",True
Acheron,1300,talent,talentResPen,0.2,0.22,,"0.2, 0.22",True
Rappa,1300,basic,basicScaling,1.00,1.10,,"1.00, 1.10",True
Rappa,1300,basic,basicEnhancedScaling,2.00,2.32,,"2.00, 2.32",True
Rappa,1300,skill,skillScaling,1.20,1.32,,"1.20, 1.32",True
Rappa,1300,ult,ultBeBuff,0.30,0.34,,"0.30, 0.34",True
Rappa,1300,talent,talentBreakDmgModifier,0.60,0.66,,"0.60, 0.66",True
Rappa,1300,talent,talentChargeMultiplier,0.50,0.55,,"0.50, 0.55",True
Boothill,1300,skill,standoffVulnerabilityBoost,0.30,0.33,,"0.30, 0.33",True
Boothill,1300,basic,basicScaling,1.00,1.10,,"1.00, 1.10",True
Boothill,1300,basic,basicEnhancedScaling,2.20,2.42,,"2.20, 2.42",True
Boothill,1300,ult,ultScaling,4.00,4.32,,"4.00, 4.32",True
Boothill,1300,talent,,0.70,0.77,,"0.70, 0.77",True
Boothill,1300,talent,,1.20,1.32,,"1.20, 1.32",True
Boothill,1300,talent,,1.70,1.87,,"1.70, 1.87",True
TheDahlia,1300,basic,basicScaling,1.00,1.10,,"1.00, 1.10",True
TheDahlia,1300,skill,skillScaling,1.60,1.76,,"1.60, 1.76",True
TheDahlia,1300,ult,ultScaling,3.00,3.24,,"3.00, 3.24",True
TheDahlia,1300,talent,fuaScaling,0.30,0.33,,"0.30, 0.33",True
TheDahlia,1300,talent,fuaSuperBreakScaling,2.00,2.20,,"2.00, 2.20",True
TheDahlia,1300,ult,ultDefPenValue,0.18,0.20,,"0.18, 0.20",True
TheDahlia,1300,talent,superBreakScaling,0.60,0.66,,"0.60, 0.66",True
Jade,1300,basic,basicScaling,0.90,0.99,,"0.90, 0.99",True
Jade,1300,skill,skillScaling,0.25,0.27,,"0.25, 0.27",True
Jade,1300,ult,ultScaling,2.40,2.64,,"2.40, 2.64",True
Jade,1300,ult,ultFuaScalingBuff,0.80,0.88,,"0.80, 0.88",True
Jade,1300,talent,fuaScaling,1.20,1.32,,"1.20, 1.32",True
Jade,1300,talent,pawnedAssetCdScaling,0.024,0.0264,,"0.024, 0.0264",True
FireflyB1,1300,basic,basicScaling,1.00,1.10,,"1.00, 1.10",True
FireflyB1,1300,basic,basicEnhancedScaling,2.00,2.20,,"2.00, 2.20",True
FireflyB1,1300,skill,skillScaling,2.00,2.20,,"2.00, 2.20",True
FireflyB1,1300,skill,skillEnhancedAtkScaling,2.00,2.20,,"2.00, 2.20",True
FireflyB1,1300,ult,ultSpdBuff,60,66,,"60, 66",True
FireflyB1,1300,ult,ultWeaknessBrokenBreakVulnerability,0.20,0.22,,"0.20, 0.22",True
FireflyB1,1300,talent,talentResBuff,0.30,0.34,,"0.30, 0.34",True
FireflyB1,1300,talent,talentDmgReductionBuff,0.40,0.44,,"0.40, 0.44",True
Gallagher,1300,basic,basicScaling,1.00,1.10,,"1.00, 1.10",True
Gallagher,1300,basic,basicEnhancedScaling,2.50,2.75,,"2.50, 2.75",True
Gallagher,1300,basic,ultScaling,1.50,1.65,,"1.50, 1.65",True
Gallagher,1300,talent,talentBesottedScaling,0.12,0.132,,"0.12, 0.132",True
Gallagher,1300,skill,skillHealFlat,1600,1768,,"1600, 1768",True
Gallagher,1300,talent,talentHealFlat,640,707.2,,"640, 707.2",True
DrRatio,1300,basic,basicScaling,1.00,1.10,,"1.00, 1.10",True
DrRatio,1300,skill,skillScaling,1.50,1.65,,"1.50, 1.65",True
DrRatio,1300,ult,ultScaling,2.40,2.592,,"2.40, 2.592",True
DrRatio,1300,talent,fuaScaling,2.70,2.97,,"2.70, 2.97",True
BladeB1,1200,skill,enhancedStateDmgBoost,0.40,0.456,,"0.40, 0.456",True
BladeB1,1200,basic,basicScaling,0.50,0.55,,"0.50, 0.55",True
BladeB1,1200,skill,basicEnhancedHpScaling,1.30,1.43,,"1.30, 1.43",True
BladeB1,1200,ult,ultHpScaling,1.50,1.62,,"1.50, 1.62",True
BladeB1,1200,ult,ultLostHpScaling,1.20,1.296,,"1.20, 1.296",True
BladeB1,1200,talent,fuaHpScaling,1.30,1.43,,"1.30, 1.43",True
Hanya,1200,ult,ultSpdBuffValue,0.20,0.21,,"0.20, 0.21",True
Hanya,1200,ult,ultAtkBuffValue,0.60,0.648,,"0.60, 0.648",True
Hanya,1200,talent,talentDmgBoostValue,0.30,0.33,,"0.30, 0.33",True
Hanya,1200,basic,basicScaling,1.00,1.10,,"1.00, 1.10",True
Hanya,1200,skill,skillScaling,2.40,2.64,,"2.40, 2.64",True
Jiaoqiu,1200,basic,basicScaling,1.00,1.10,,"1.00, 1.10",True
Jiaoqiu,1200,skill,skillScaling,1.50,1.65,,"1.50, 1.65",True
Jiaoqiu,1200,ult,ultScaling,1.00,1.08,,"1.00, 1.08",True
Jiaoqiu,1200,ult,ultVulnerabilityScaling,0.15,0.162,,"0.15, 0.162",True
Jiaoqiu,1200,talent,talentVulnerabilityBase,0.15,0.165,,"0.15, 0.165",True
Jiaoqiu,1200,talent,talentVulnerabilityScaling,0.05,0.055,,"0.05, 0.055",True
Jiaoqiu,1200,talent,talentDotScaling,1.80,1.98,,"1.80, 1.98",True
Jiaoqiu,1200,ult,,0.6,0.62,,"0.6, 0.62",True
Qingque,1200,skill,skillStackDmg,0.38,0.408,,"0.38, 0.408",True
Qingque,1200,talent,talentAtkBuff,0.72,0.792,,"0.72, 0.792",True
Qingque,1200,basic,basicScaling,1.00,1.10,,"1.00, 1.10",True
Qingque,1200,basic,basicEnhancedScaling,2.40,2.64,,"2.40, 2.64",True
Qingque,1200,ult,ultScaling,2.00,2.16,,"2.00, 2.16",True
Feixiao,1200,basic,basicScaling,1.00,1.10,,"1.00, 1.10",True
Feixiao,1200,skill,skillScaling,2.00,2.20,,"2.00, 2.20",True
Feixiao,1200,ult,ultScaling,0.60,0.648,,"0.60, 0.648",True
Feixiao,1200,ult,ultBrokenScaling,0.30,0.33,,"0.30, 0.33",True
Feixiao,1200,ult,ultFinalScaling,1.60,1.728,,"1.60, 1.728",True
Feixiao,1200,talent,fuaScaling,1.10,1.21,,"1.10, 1.21",True
Feixiao,1200,talent,talentDmgBuff,0.60,0.66,,"0.60, 0.66",True
Luocha,1200,basic,basicScaling,1.00,1.10,,"1.00, 1.10",True
Luocha,1200,ult,ultScaling,2.00,2.16,,"2.00, 2.16",True
Luocha,1200,skill,skillHealScaling,0.60,0.64,,"0.60, 0.64",True
Luocha,1200,skill,skillHealFlat,800,890,,"800, 890",True
Luocha,1200,talent,talentHealScaling,0.18,0.192,,"0.18, 0.192",True
Luocha,1200,talent,talentHealFlat,240,267,,"240, 267",True
FuXuan,1200,skill,skillCrBuffValue,0.12,0.132,,"0.12, 0.132",True
FuXuan,1200,skill,skillHpBuffValue,0.06,0.066,,"0.06, 0.066",True
FuXuan,1200,talent,talentDmgReductionValue,0.18,0.196,,"0.18, 0.196",True
FuXuan,1200,basic,basicScaling,0.50,0.55,,"0.50, 0.55",True
FuXuan,1200,ult,ultScaling,1.00,1.08,,"1.00, 1.08",True
Fugue,1200,skill,skillBeValue,0.30,0.33,,"0.30, 0.33",True
Fugue,1200,skill,skillDefPenValue,0.18,0.20,,"0.18, 0.20",True
Fugue,1200,basic,basicScaling,1.00,1.10,,"1.00, 1.10",True
Fugue,1200,ult,ultScaling,2.00,2.20,,"2.00, 2.20",True
Fugue,1200,talent,superBreakScaling,1.00,1.10,,"1.00, 1.10",True
Guinaifen,1200,talent,talentDebuffDmgIncreaseValue,0.07,0.076,,"0.07, 0.076",True
Guinaifen,1200,basic,basicScaling,1.00,1.10,,"1.00, 1.10",True
Guinaifen,1200,skill,skillScaling,1.20,1.32,,"1.20, 1.32",True
Guinaifen,1200,ult,ultScaling,1.20,1.296,,"1.20, 1.296",True
Guinaifen,1200,skill,dotScaling,2.182,2.40,,"2.182, 2.40",True
JingYuan,1200,basic,basicScaling,1.00,1.10,,"1.00, 1.10",True
JingYuan,1200,skill,skillScaling,1.00,1.10,,"1.00, 1.10",True
JingYuan,1200,ult,ultScaling,2.00,2.16,,"2.00, 2.16",True
JingYuan,1200,talent,fuaScaling,0.66,0.726,,"0.66, 0.726",True
March7thImaginary,1200,basic,basicScaling,1.00,1.10,,"1.00, 1.10",True
March7thImaginary,1200,basic,basicEnhancedScaling,0.80,0.88,,"0.80, 0.88",True
March7thImaginary,1200,basic,basicExtraScalingMasterBuff,0.20,0.22,,"0.20, 0.22",True
March7thImaginary,1200,ult,ultScaling,2.40,2.592,,"2.40, 2.592",True
March7thImaginary,1200,talent,talentDmgBuff,0.80,0.88,,"0.80, 0.88",True
March7thImaginary,1200,skill,skillSpdScaling,0.10,0.108,,"0.10, 0.108",True
JingliuB1,1200,talent,talentCrBuff,0.50,0.52,,"0.50, 0.52",True
JingliuB1,1200,basic,basicScaling,0.50,0.55,,"0.50, 0.55",True
JingliuB1,1200,skill,skillScaling,1.50,1.65,,"1.50, 1.65",True
JingliuB1,1200,ult,ultScaling,1.80,1.98,,"1.80, 1.98",True
JingliuB1,1200,talent,talentCdScaling,0.44,0.484,,"0.44, 0.484",True
Tingyun,1200,skill,skillAtkBoostMax,0.25,0.27,,"0.25, 0.27",True
Tingyun,1200,ult,ultDmgBoost,0.50,0.56,,"0.50, 0.56",True
Tingyun,1200,skill,skillAtkBoostScaling,0.50,0.55,,"0.50, 0.55",True
Tingyun,1200,skill,skillLightningDmgBoostScaling,0.40,0.44,,"0.40, 0.44",True
Tingyun,1200,talent,talentScaling,0.60,0.66,,"0.60, 0.66",True
Tingyun,1200,basic,basicScaling,1.00,1.10,,"1.00, 1.10",True
Yunli,1200,basic,basicScaling,1.00,1.10,,"1.00, 1.10",True
Yunli,1200,skill,skillScaling,1.20,1.32,,"1.20, 1.32",True
Yunli,1200,ult,ultSlashScaling,2.20,2.376,,"2.20, 2.376",True
Yunli,1200,ult,ultCullScaling,2.20,2.376,,"2.20, 2.376",True
Yunli,1200,ult,ultCullHitsScaling,0.72,0.7776,,"0.72, 0.7776",True
Yunli,1200,ult,blockCdBuff,1.00,1.08,,"1.00, 1.08",True
Yunli,1200,talent,talentCounterScaling,1.20,1.32,,"1.20, 1.32",True
HuohuoB1,1200,ult,ultBuffValue,0.40,0.432,,"0.40, 0.432",True
HuohuoB1,1200,basic,basicScaling,0.50,0.55,,"0.50, 0.55",True
HuohuoB1,1200,talent,skillHealScaling,0.21,0.224,,"0.21, 0.224",True
HuohuoB1,1200,talent,skillHealFlat,560,623,,"560, 623",True
HuohuoB1,1200,skill,talentHealScaling,0.045,0.048,,"0.045, 0.048",True
HuohuoB1,1200,skill,talentHealFlat,120,133.5,,"120, 133.5",True
Yukong,1200,skill,skillAtkBuffValue,0.80,0.88,,"0.80, 0.88",True
Yukong,1200,skill,ultCdBuffValue,0.65,0.702,,"0.65, 0.702",True
Yukong,1200,skill,ultCrBuffValue,0.28,0.294,,"0.28, 0.294",True
Yukong,1200,talent,talentAtkScaling,0.80,0.88,,"0.80, 0.88",True
Yukong,1200,basic,basicScaling,1.00,1.10,,"1.00, 1.10",True
Yukong,1200,ult,ultScaling,3.80,4.104,,"3.80, 4.104",True
Lingsha,1200,basic,basicScaling,1.00,1.10,,"1.00, 1.10",True
Lingsha,1200,skill,skillScaling,0.80,0.88,,"0.80, 0.88",True
Lingsha,1200,ult,ultScaling,1.50,1.65,,"1.50, 1.65",True
Lingsha,1200,ult,ultBreakVulnerability,0.25,0.27,,"0.25, 0.27",True
Lingsha,1200,talent,fuaScaling,0.75,0.825,,"0.75, 0.825",True
Lingsha,1200,skill,skillHealScaling,0.14,0.148,,"0.14, 0.148",True
Lingsha,1200,skill,skillHealFlat,420,467.25,,"420, 467.25",True
Lingsha,1200,ult,ultHealScaling,0.12,0.128,,"0.12, 0.128",True
Lingsha,1200,ult,ultHealFlat,360,400.5,,"360, 400.5",True
Lingsha,1200,talent,talentHealScaling,0.12,0.128,,"0.12, 0.128",True
Lingsha,1200,talent,talentHealFlat,360,400.5,,"360, 400.5",True
Yanqing,1200,ult,ultCdBuffValue,0.50,0.54,,"0.50, 0.54",True
Yanqing,1200,ult,talentCdBuffValue,0.30,0.33,,"0.30, 0.33",True
Yanqing,1200,ult,talentCrBuffValue,0.20,0.21,,"0.20, 0.21",True
Yanqing,1200,basic,basicScaling,1.00,1.10,,"1.00, 1.10",True
Yanqing,1200,skill,skillScaling,2.20,2.42,,"2.20, 2.42",True
Yanqing,1200,ult,ultScaling,3.50,3.78,,"3.50, 3.78",True
Yanqing,1200,talent,fuaScaling,0.50,0.55,,"0.50, 0.55",True
ImbibitorLunae,1200,skill,outroarStackCdValue,0.12,0.132,,"0.12, 0.132",True
ImbibitorLunae,1200,talent,righteousHeartDmgValue,0.10,0.11,,"0.10, 0.11",True
ImbibitorLunae,1200,basic,basicScaling,1.00,1.10,,"1.00, 1.10",True
ImbibitorLunae,1200,basic,basicEnhanced1Scaling,2.60,2.86,,"2.60, 2.86",True
ImbibitorLunae,1200,basic,basicEnhanced2Scaling,3.80,4.18,,"3.80, 4.18",True
ImbibitorLunae,1200,basic,basicEnhanced3Scaling,5.00,5.50,,"5.00, 5.50",True
ImbibitorLunae,1200,ult,ultScaling,3.00,3.24,,"3.00, 3.24",True
Sushang,1200,talent,talentSpdBuffValue,0.20,0.21,,"0.20, 0.21",True
Sushang,1200,ult,ultBuffedAtk,0.30,0.324,,"0.30, 0.324",True
Sushang,1200,basic,basicScaling,1.00,1.10,,"1.00, 1.10",True
Sushang,1200,skill,skillScaling,2.10,2.31,,"2.10, 2.31",True
Sushang,1200,skill,skillExtraHitScaling,1.00,1.10,,"1.00, 1.10",True
Sushang,1200,ult,ultScaling,3.20,3.456,,"3.20, 3.456",True
Xueyi,1200,ult,ultBoostMax,0.60,0.648,,"0.60, 0.648",True
Xueyi,1200,basic,basicScaling,1.00,1.10,,"1.00, 1.10",True
Xueyi,1200,skill,skillScaling,1.40,1.54,,"1.40, 1.54",True
Xueyi,1200,ult,ultScaling,2.50,2.70,,"2.50, 2.70",True
Xueyi,1200,talent,fuaScaling,0.90,0.99,,"0.90, 0.99",True
Bailu,1200,basic,basicScaling,1.0,1.1,,"1.0, 1.1",True
Bailu,1200,skill,skillHealScaling,0.117,0.1248,,"0.117, 0.1248",True
Bailu,1200,skill,skillHealFlat,312,347.1,,"312, 347.1",True
Bailu,1200,ult,ultHealScaling,0.135,0.144,,"0.135, 0.144",True
Bailu,1200,ult,ultHealFlat,360,400.5,,"360, 400.5",True
Bailu,1200,talent,talentHealScaling,0.054,0.0576,,"0.054, 0.0576",True
Bailu,1200,talent,talentHealFlat,144,160.2,,"144, 160.2",True
Moze,1200,basic,basicScaling,1.00,1.10,,"1.00, 1.10",True
Moze,1200,skill,skillScaling,1.50,1.65,,"1.50, 1.65",True
Moze,1200,ult,ultScaling,2.70,2.916,,"2.70, 2.916",True
Moze,1200,talent,fuaScaling,1.60,1.76,,"1.60, 1.76",True
Moze,1200,talent,additionalDmgScaling,0.30,0.33,,"0.30, 0.33",True
PermansorTerrae,1400,basic,basicScaling,1.00,1.10,,"1.00, 1.10",True
PermansorTerrae,1400,ult,ultScaling,3.00,3.30,,"3.00, 3.30",True
PermansorTerrae,1400,ult,fuaScaling,0.80,0.88,,"0.80, 0.88",True
PermansorTerrae,1400,talent,talentShieldScaling,0.10,0.106,,"0.10, 0.106",True
PermansorTerrae,1400,talent,talentShieldFlat,200,222.5,,"200, 222.5",True
Mydei,1400,basic,basicScaling,0.50,0.55,,"0.50, 0.55",True
Mydei,1400,skill,skillScaling,0.90,0.99,,"0.90, 0.99",True
Mydei,1400,skill,skillEnhanced1Scaling,1.10,1.21,,"1.10, 1.21",True
Mydei,1400,skill,skillEnhanced2Scaling,2.80,3.08,,"2.80, 3.08",True
Mydei,1400,ult,ultScaling,1.60,1.728,,"1.60, 1.728",True
Mydei,1400,skill,,50,55,,"50, 55",True
Mydei,1400,skill,,66,72.6,,"66, 72.6",True
Mydei,1400,skill,,168,184.8,,"168, 184.8",True
Mydei,1400,talent,,25,27,,"25, 27",True
Tribbie,1400,basic,basicScaling,0.30,0.33,,"0.30, 0.33",True
Tribbie,1400,skill,skillResPen,0.24,0.264,,"0.24, 0.264",True
Tribbie,1400,ult,ultScaling,0.30,0.33,,"0.30, 0.33",True
Tribbie,1400,ult,ultVulnerability,0.30,0.33,,"0.30, 0.33",True
Tribbie,1400,ult,ultAdditionalDmgScaling,0.12,0.132,,"0.12, 0.132",True
Tribbie,1400,talent,talentScaling,0.18,0.198,,"0.18, 0.198",True
Castorice,1400,basic,basicScaling,0.50,0.55,,"0.50, 0.55",True
Castorice,1400,skill,skillScaling,0.50,0.55,,"0.50, 0.55",True
Castorice,1400,skill,skillEnhancedScaling1,0.30,0.33,,"0.30, 0.33",True
Castorice,1400,skill,skillEnhancedScaling2,0.50,0.55,,"0.50, 0.55",True
Castorice,1400,talent,talentDmgBoost,0.20,0.22,,"0.20, 0.22",True
Castorice,1400,ult,ultTerritoryResPen,0.20,0.22,,"0.20, 0.22",True
Castorice,1400,memoSkill,memoSkillScaling1,0.24,0.264,,"0.24, 0.264",True
Castorice,1400,memoSkill,memoSkillScaling2,0.28,0.308,,"0.28, 0.308",True
Castorice,1400,memoSkill,memoSkillScaling3,0.34,0.374,,"0.34, 0.374",True
Castorice,1400,memoTalent,memoTalentScaling,0.40,0.44,,"0.40, 0.44",True
Aglaea,1400,basic,basicScaling,1.00,1.10,,"1.00, 1.10",True
Aglaea,1400,basic,enhancedBasicScaling,2.00,2.20,,"2.00, 2.20",True
Aglaea,1400,ult,ultSpdBoost,0.15,0.16,,"0.15, 0.16",True
Aglaea,1400,talent,memoBaseHpScaling,0.66,0.704,,"0.66, 0.704",True
Aglaea,1400,talent,memoBaseHpFlat,720,828,,"720, 828",True
Aglaea,1400,talent,talentAdditionalDmg,0.30,0.336,,"0.30, 0.336",True
Aglaea,1400,memoSkill,memoSkillScaling,1.10,1.21,,"1.10, 1.21",True
Aglaea,1400,memoTalent,memoTalentSpd,55,57.2,,"55, 57.2",True
Cerydra,1400,basic,basicScaling,1.00,1.10,,"1.00, 1.10",True
Cerydra,1400,skill,skillCdScaling,0.72,0.792,,"0.72, 0.792",True
Cerydra,1400,skill,skillResPenScaling,0.10,0.104,,"0.10, 0.104",True
Cerydra,1400,ult,ultScaling,2.40,2.592,,"2.40, 2.592",True
Cerydra,1400,talent,talentAtkScaling,0.24,0.252,,"0.24, 0.252",True
Hyacine,1400,basic,basicScaling,0.50,0.55,,"0.50, 0.55",True
Hyacine,1400,skill,skillHealScaling,0.08,0.088,,"0.08, 0.088",True
Hyacine,1400,skill,skillHealFlat,160,178,,"160, 178",True
Hyacine,1400,ult,ultHealScaling,0.10,0.11,,"0.10, 0.11",True
Hyacine,1400,ult,ultHealFlat,200,222.5,,"200, 222.5",True
Hyacine,1400,ult,ultHpBuffPercent,0.30,0.33,,"0.30, 0.33",True
Hyacine,1400,ult,ultHpBuffFlat,600,667.5,,"600, 667.5",True
Hyacine,1400,talent,talentHealingDmgStackValue,0.80,0.88,,"0.80, 0.88",True
Hyacine,1400,memoSkill,memoSkillScaling,0.20,0.22,,"0.20, 0.22",True
Phainon,1400,basic,basicScaling,1.00,1.10,,"1.00, 1.10",True
Phainon,1400,skill,skillScaling,3.00,3.30,,"3.00, 3.30",True
Phainon,1400,basic,enhancedBasicScaling,2.50,2.75,,"2.50, 2.75",True
Phainon,1400,skill,enhancedSkillFoundationSingleHitScaling,0.45,0.495,,"0.45, 0.495",True
Phainon,1400,skill,fuaDmgScaling,0.40,0.44,,"0.40, 0.44",True
Phainon,1400,skill,fuaDmgExtraScaling,0.30,0.33,,"0.30, 0.33",True
Phainon,1400,talent,talentAtkBuffScaling,0.80,0.88,,"0.80, 0.88",True
Phainon,1400,talent,talentHpBuffScaling,2.70,2.97,,"2.70, 2.97",True
Phainon,1400,talent,talentCdBuffScaling,0.30,0.33,,"0.30, 0.33",True
Phainon,1400,ult,ultScaling,9.60,10.56,,"9.60, 10.56",True
Anaxa,1400,basic,basicScaling,1.00,1.10,,"1.00, 1.10",True
Anaxa,1400,skill,skillScaling,0.70,0.77,,"0.70, 0.77",True
Anaxa,1400,ult,ultScaling,1.60,1.76,,"1.60, 1.76",True
Anaxa,1400,talent,talentDmgScaling,0.30,0.324,,"0.30, 0.324",True
Cyrene,1400,basic,basicScaling,0.50,0.55,,"0.50, 0.55",True
Cyrene,1400,basic,basicEnhancedScaling,0.30,0.33,,"0.30, 0.33",True
Cyrene,1400,skill,skillTrueDmgBuff,0.24,0.264,,"0.24, 0.264",True
Cyrene,1400,ult,ultCrBuff,0.50,0.55,,"0.50, 0.55",True
Cyrene,1400,talent,talentDmgBuff,0.20,0.22,,"0.20, 0.22",True
Cyrene,1400,memoSkill,memoSkillDmgScaling,0.60,0.66,,"0.60, 0.66",True
Cyrene,1400,memoSkill,memoSkillDmgBuff,0.40,0.44,,"0.40, 0.44",True
Cyrene,1400,memoTalent,memoTalentHpBuff,0.24,0.264,,"0.24, 0.264",True
Cyrene,1400,memoSkill,memoSkillTrailblazerAtkScaling,0.16,0.176,,"0.16, 0.176",True
Cyrene,1400,memoSkill,memoSkillTrailblazerCrScaling,0.72,0.792,,"0.72, 0.792",True
TheHerta,1400,basic,basicScaling,1.00,1.10,,"1.00, 1.10",True
TheHerta,1400,skill,skillScaling,0.70,0.77,,"0.70, 0.77",True
TheHerta,1400,skill,enhancedSkillScaling,0.80,0.88,,"0.80, 0.88",True
TheHerta,1400,skill,enhancedSkillAoeScaling,0.40,0.44,,"0.40, 0.44",True
TheHerta,1400,talent,talentStackScaling,0.08,0.088,,"0.08, 0.088",True
TheHerta,1400,ult,ultScaling,2.00,2.20,,"2.00, 2.20",True
TheHerta,1400,ult,ultAtkBuffScaling,0.80,0.88,,"0.80, 0.88",True
Hysilens,1400,basic,basicScaling,1.00,1.10,,"1.00, 1.10",True
Hysilens,1400,skill,skillScaling,1.40,1.54,,"1.40, 1.54",True
Hysilens,1400,skill,skillVulnScaling,0.20,0.22,,"0.20, 0.22",True
Hysilens,1400,ult,ultScaling,2.00,2.16,,"2.00, 2.16",True
Hysilens,1400,ult,ultDefPenScaling,0.25,0.27,,"0.25, 0.27",True
Hysilens,1400,ult,ultDotScaling,0.80,0.88,,"0.80, 0.88",True
Hysilens,1400,talent,talentDotScaling,0.25,0.275,,"0.25, 0.275",True
Hysilens,1400,talent,talentDotAtkLimitScaling,0.25,0.275,,"0.25, 0.275",True
Cipher,1400,basic,basicScaling,1.00,1.10,,"1.00, 1.10",True
Cipher,1400,skill,skillScaling,2.00,2.20,,"2.00, 2.20",True
Cipher,1400,skill,skillAtkBuff,0.30,0.33,,"0.30, 0.33",True
Cipher,1400,ult,ultScaling,1.20,1.32,,"1.20, 1.32",True
Cipher,1400,ult,ultSecondaryScaling,0.40,0.44,,"0.40, 0.44",True
Cipher,1400,talent,fuaScaling,1.50,1.65,,"1.50, 1.65",True
Evernight,1400,basic,basicScaling,0.50,0.55,,"0.50, 0.55",True
Evernight,1400,skill,skillCdScaling,0.24,0.264,,"0.24, 0.264",True
Evernight,1400,ult,ultMemoScaling,2.00,2.20,,"2.00, 2.20",True
Evernight,1400,ult,ultVulnScaling,0.30,0.33,,"0.30, 0.33",True
Evernight,1400,ult,ultDmgBoostScaling,0.60,0.66,,"0.60, 0.66",True
Evernight,1400,talent,talentCdScaling,0.60,0.66,,"0.60, 0.66",True
Evernight,1400,memoSkill,memoSkillScaling,0.50,0.55,,"0.50, 0.55",True
Evernight,1400,memoSkill,memoSkillAdditionalScaling,0.10,0.11,,"0.10, 0.11",True
Evernight,1400,memoSkill,memoSkillEnhancedScaling,0.12,0.132,,"0.12, 0.132",True
Evernight,1400,memoTalent,memoTalentDmgBoost,0.50,0.55,,"0.50, 0.55",True
Bronya,1100,skill,skillDmgBoostValue,0.66,0.726,,"0.66, 0.726",True
Bronya,1100,ult,ultAtkBoostValue,0.55,0.594,,"0.55, 0.594",True
Bronya,1100,ult,ultCdBoostValue,0.16,0.168,,"0.16, 0.168",True
Bronya,1100,ult,ultCdBoostBaseValue,0.20,0.216,,"0.20, 0.216",True
Bronya,1100,basic,basicScaling,1.0,1.1,,"1.0, 1.1",True
Luka,1100,basic,basicEnhancedHitValue,0.20,0.22,,"0.20, 0.22",True
Luka,1100,ult,targetUltDebuffDmgTakenValue,0.20,0.216,,"0.20, 0.216",True
Luka,1100,basic,basicScaling,1.00,1.10,,"1.00, 1.10",True
Luka,1100,basic,basicEnhancedScaling,,,,"0.20 * 3 + 0.80, 0.22 * 3 + 0.88",False
Luka,1100,skill,skillScaling,1.20,1.32,,"1.20, 1.32",True
Luka,1100,ult,ultScaling,3.30,3.564,,"3.30, 3.564",True
Luka,1100,skill,dotScaling,3.38,3.718,,"3.38, 3.718",True
Serval,1100,talent,talentExtraDmgScaling,0.72,0.792,,"0.72, 0.792",True
Serval,1100,basic,basicScaling,1.00,1.10,,"1.00, 1.10",True
Serval,1100,skill,skillScaling,1.40,1.54,,"1.40, 1.54",True
Serval,1100,ult,ultScaling,1.80,1.944,,"1.80, 1.944",True
Serval,1100,skill,dotScaling,1.04,1.144,,"1.04, 1.144",True
Hook,1100,talent,targetBurnedExtraScaling,1.00,1.10,,"1.00, 1.10",True
Hook,1100,basic,basicScaling,1.00,1.10,,"1.00, 1.10",True
Hook,1100,skill,skillScaling,2.40,2.64,,"2.40, 2.64",True
Hook,1100,skill,skillEnhancedScaling,2.80,3.08,,"2.80, 3.08",True
Hook,1100,ult,ultScaling,4.00,4.32,,"4.00, 4.32",True
Hook,1100,skill,dotScaling,0.65,0.715,,"0.65, 0.715",True
Lynx,1100,skill,skillHpPercentBuff,0.075,0.08,,"0.075, 0.08",True
Lynx,1100,skill,skillHpFlatBuff,200,222.5,,"200, 222.5",True
Lynx,1100,basic,basicScaling,0.50,0.55,,"0.50, 0.55",True
Lynx,1100,skill,skillHealScaling,0.12,0.128,,"0.12, 0.128",True
Lynx,1100,skill,skillHealFlat,320,356,,"320, 356",True
Lynx,1100,ult,ultHealScaling,0.135,0.144,,"0.135, 0.144",True
Lynx,1100,ult,ultHealFlat,360,400.5,,"360, 400.5",True
Lynx,1100,talent,talentHealScaling,0.036,0.0384,,"0.036, 0.0384",True
Lynx,1100,talent,talentHealFlat,96,106.8,,"96, 106.8",True
Natasha,1100,basic,basicScaling,1.00,1.10,,"1.00, 1.10",True
Natasha,1100,ult,ultHealScaling,0.138,0.1472,,"0.138, 0.1472",True
Natasha,1100,ult,ultHealFlat,368,409.4,,"368, 409.4",True
Natasha,1100,skill,skillHealScaling,0.105,0.112,,"0.105, 0.112",True
Natasha,1100,skill,skillHealFlat,280,311.5,,"280, 311.5",True
Pela,1100,ult,ultDefPenValue,0.40,0.42,,"0.40, 0.42",True
Pela,1100,basic,basicScaling,1.00,1.10,,"1.00, 1.10",True
Pela,1100,skill,skillScaling,2.10,2.31,,"2.10, 2.31",True
Pela,1100,ult,ultScaling,1.00,1.08,,"1.00, 1.08",True
Clara,1100,ult,ultDmgReductionValue,0.25,0.27,,"0.25, 0.27",True
Clara,1100,ult,ultFuaExtraScaling,1.60,1.728,,"1.60, 1.728",True
Clara,1100,basic,basicScaling,1.00,1.10,,"1.00, 1.10",True
Clara,1100,skill,skillScaling,1.20,1.32,,"1.20, 1.32",True
Clara,1100,talent,fuaScaling,1.60,1.76,,"1.60, 1.76",True
Sampo,1100,ult,dotVulnerabilityValue,0.30,0.32,,"0.30, 0.32",True
Sampo,1100,basic,basicScaling,1.00,1.10,,"1.00, 1.10",True
Sampo,1100,skill,skillScaling,0.56,0.616,,"0.56, 0.616",True
Sampo,1100,ult,ultScaling,1.60,1.728,,"1.60, 1.728",True
Sampo,1100,talent,dotScaling,0.52,0.572,,"0.52, 0.572",True
SeeleB1,1100,talent,buffedStateDmgBuff,0.80,0.88,,"0.80, 0.88",True
SeeleB1,1100,basic,basicScaling,1.00,1.10,,"1.00, 1.10",True
SeeleB1,1100,skill,skillScaling,3.60,3.96,,"3.60, 3.96",True
SeeleB1,1100,ult,ultScaling,7.20,7.92,,"7.20, 7.92",True
Topaz,1100,skill,proofOfDebtFuaVulnerability,0.50,0.55,,"0.50, 0.55",True
Topaz,1100,ult,enhancedStateFuaScalingBoost,1.50,1.65,,"1.50, 1.65",True
Topaz,1100,ult,enhancedStateFuaCdBoost,0.25,0.275,,"0.25, 0.275",True
Topaz,1100,basic,basicScaling,1.00,1.10,,"1.00, 1.10",True
Topaz,1100,skill,skillScaling,1.50,1.65,,"1.50, 1.65",True
Topaz,1100,talent,fuaScaling,1.50,1.65,,"1.50, 1.65",True
Gepard,1100,basic,basicScaling,1.00,1.10,,"1.00, 1.10",True
Gepard,1100,skill,skillScaling,2.00,2.20,,"2.00, 2.20",True
Gepard,1100,ult,ultShieldScaling,0.45,0.48,,"0.45, 0.48",True
Gepard,1100,ult,ultShieldFlat,600,667.5,,"600, 667.5",True
