path,filename,extension,normalized_id,size_bytes,category
prydwen_assets/characters/acheron.png,acheron.png,.png,acheron,342856,characters
prydwen_assets/characters/aglaea.png,aglaea.png,.png,aglaea,290201,characters
prydwen_assets/characters/all_honkai_star_rail_characters.png,all_honkai_star_rail_characters.png,.png,all_honkai_star_rail_characters,24068,characters
prydwen_assets/characters/anaxa.png,anaxa.png,.png,anaxa,304419,characters
prydwen_assets/characters/archer.png,archer.png,.png,archer,238636,characters
prydwen_assets/characters/argenti.png,argenti.png,.png,argenti,347324,characters
prydwen_assets/characters/arlan.png,arlan.png,.png,arlan,240193,characters
prydwen_assets/characters/ashveil.png,ashveil.png,.png,ashveil,294813,characters
prydwen_assets/characters/asta.png,asta.png,.png,asta,250534,characters
prydwen_assets/characters/aventurine.png,aventurine.png,.png,aventurine,300421,characters
prydwen_assets/characters/aventurine_waveflair4.5.png,aventurine_waveflair4.5.png,.png,aventurine_waveflair4_5,340063,characters
prydwen_assets/characters/bailu.png,bailu.png,.png,bailu,269979,characters
prydwen_assets/characters/black_swan.png,black_swan.png,.png,black_swan,380103,characters
prydwen_assets/characters/blade.png,blade.png,.png,blade,269113,characters
prydwen_assets/characters/boothill.png,boothill.png,.png,boothill,300869,characters
prydwen_assets/characters/bronya.png,bronya.png,.png,bronya,368672,characters
prydwen_assets/characters/castorice.png,castorice.png,.png,castorice,308183,characters
prydwen_assets/characters/cerydra.png,cerydra.png,.png,cerydra,364117,characters
prydwen_assets/characters/cipher.png,cipher.png,.png,cipher,300987,characters
prydwen_assets/characters/clara.png,clara.png,.png,clara,327901,characters
prydwen_assets/characters/cyrene.png,cyrene.png,.png,cyrene,399342,characters
prydwen_assets/characters/dan_heng.png,dan_heng.png,.png,dan_heng,280151,characters
prydwen_assets/characters/dan_heng_imbibitor_lunae.png,dan_heng_imbibitor_lunae.png,.png,dan_heng_imbibitor_lunae,294283,characters
prydwen_assets/characters/dan_heng_permansor_terrae.png,dan_heng_permansor_terrae.png,.png,dan_heng_permansor_terrae,349649,characters
prydwen_assets/characters/dr._ratio.png,dr._ratio.png,.png,dr_ratio,279449,characters
prydwen_assets/characters/evanescia.png,evanescia.png,.png,evanescia,324598,characters
prydwen_assets/characters/feixiao.png,feixiao.png,.png,feixiao,419819,characters
prydwen_assets/characters/firefly.png,firefly.png,.png,firefly,374709,characters
prydwen_assets/characters/fu_xuan.png,fu_xuan.png,.png,fu_xuan,385565,characters
prydwen_assets/characters/gallagher.png,gallagher.png,.png,gallagher,278921,characters
prydwen_assets/characters/gepard.png,gepard.png,.png,gepard,308951,characters
prydwen_assets/characters/gilgamesh.png,gilgamesh.png,.png,gilgamesh,256752,characters
prydwen_assets/characters/guinaifen.png,guinaifen.png,.png,guinaifen,358441,characters
prydwen_assets/characters/hanya.png,hanya.png,.png,hanya,299902,characters
prydwen_assets/characters/herta.png,herta.png,.png,herta,349055,characters
prydwen_assets/characters/himeko.png,himeko.png,.png,himeko,379283,characters
prydwen_assets/characters/himeko_nova.png,himeko_nova.png,.png,himeko_nova,366268,characters
prydwen_assets/characters/hook.png,hook.png,.png,hook,353529,characters
prydwen_assets/characters/huohuo.png,huohuo.png,.png,huohuo,336417,characters
prydwen_assets/characters/hyacine.png,hyacine.png,.png,hyacine,388201,characters
prydwen_assets/characters/hysilens.png,hysilens.png,.png,hysilens,300883,characters
prydwen_assets/characters/jade.png,jade.png,.png,jade,336660,characters
prydwen_assets/characters/jiaoqiu.png,jiaoqiu.png,.png,jiaoqiu,277705,characters
prydwen_assets/characters/jing_yuan.png,jing_yuan.png,.png,jing_yuan,413379,characters
prydwen_assets/characters/jingliu.png,jingliu.png,.png,jingliu,344860,characters
prydwen_assets/characters/kafka.png,kafka.png,.png,kafka,285787,characters
prydwen_assets/characters/lingsha.png,lingsha.png,.png,lingsha,335826,characters
prydwen_assets/characters/luka.png,luka.png,.png,luka,330442,characters
prydwen_assets/characters/luocha.png,luocha.png,.png,luocha,310290,characters
prydwen_assets/characters/lynx.png,lynx.png,.png,lynx,290793,characters
prydwen_assets/characters/march_7th.png,march_7th.png,.png,march_7th,334408,characters
prydwen_assets/characters/march_7th_evernight.png,march_7th_evernight.png,.png,march_7th_evernight,234629,characters
prydwen_assets/characters/march_7th_the_hunt.png,march_7th_the_hunt.png,.png,march_7th_the_hunt,302297,characters
prydwen_assets/characters/misha.png,misha.png,.png,misha,216973,characters
prydwen_assets/characters/mortenax_blade.png,mortenax_blade.png,.png,mortenax_blade,384144,characters
prydwen_assets/characters/moze.png,moze.png,.png,moze,311598,characters
prydwen_assets/characters/mydei.png,mydei.png,.png,mydei,318405,characters
prydwen_assets/characters/natasha.png,natasha.png,.png,natasha,258872,characters
prydwen_assets/characters/pearl4.6.png,pearl4.6.png,.png,pearl4_6,409991,characters
prydwen_assets/characters/pela.png,pela.png,.png,pela,357823,characters
prydwen_assets/characters/phainon.png,phainon.png,.png,phainon,328882,characters
prydwen_assets/characters/qingque.png,qingque.png,.png,qingque,310669,characters
prydwen_assets/characters/rappa.png,rappa.png,.png,rappa,338327,characters
prydwen_assets/characters/rin_tohsaka.png,rin_tohsaka.png,.png,rin_tohsaka,353981,characters
prydwen_assets/characters/robin.png,robin.png,.png,robin,302948,characters
prydwen_assets/characters/robin_summerettonew.png,robin_summerettonew.png,.png,robin_summerettonew,378299,characters
prydwen_assets/characters/ruan_mei.png,ruan_mei.png,.png,ruan_mei,257386,characters
prydwen_assets/characters/saber.png,saber.png,.png,saber,306128,characters
prydwen_assets/characters/sampo.png,sampo.png,.png,sampo,311882,characters
prydwen_assets/characters/seele.png,seele.png,.png,seele,271665,characters
prydwen_assets/characters/serval.png,serval.png,.png,serval,305217,characters
prydwen_assets/characters/silver_wolf.png,silver_wolf.png,.png,silver_wolf,327924,characters
prydwen_assets/characters/silver_wolf_lv._999.png,silver_wolf_lv._999.png,.png,silver_wolf_lv_999,320272,characters
prydwen_assets/characters/sparkle.png,sparkle.png,.png,sparkle,352923,characters
prydwen_assets/characters/sparxie.png,sparxie.png,.png,sparxie,332974,characters
prydwen_assets/characters/sunday.png,sunday.png,.png,sunday,354633,characters
prydwen_assets/characters/sushang.png,sushang.png,.png,sushang,334719,characters
prydwen_assets/characters/the_dahlia.png,the_dahlia.png,.png,the_dahlia,324939,characters
prydwen_assets/characters/the_herta.png,the_herta.png,.png,the_herta,348113,characters
prydwen_assets/characters/tingyun.png,tingyun.png,.png,tingyun,398011,characters
prydwen_assets/characters/tingyun_fugue.png,tingyun_fugue.png,.png,tingyun_fugue,383913,characters
prydwen_assets/characters/topaz_&_numby.png,topaz_&_numby.png,.png,topaz_numby,351429,characters
prydwen_assets/characters/trailblazer_destruction.png,trailblazer_destruction.png,.png,trailblazer_destruction,335901,characters
prydwen_assets/characters/trailblazer_elation.png,trailblazer_elation.png,.png,trailblazer_elation,303369,characters
prydwen_assets/characters/trailblazer_harmony.png,trailblazer_harmony.png,.png,trailblazer_harmony,334054,characters
prydwen_assets/characters/trailblazer_preservation.png,trailblazer_preservation.png,.png,trailblazer_preservation,364114,characters
prydwen_assets/characters/trailblazer_remembrance.png,trailblazer_remembrance.png,.png,trailblazer_remembrance,359498,characters
prydwen_assets/characters/tribbie.png,tribbie.png,.png,tribbie,353830,characters
prydwen_assets/characters/welt.png,welt.png,.png,welt,278753,characters
prydwen_assets/characters/xueyi.png,xueyi.png,.png,xueyi,269403,characters
prydwen_assets/characters/yanqing.png,yanqing.png,.png,yanqing,326830,characters
prydwen_assets/characters/yao_guang.png,yao_guang.png,.png,yao_guang,320224,characters
prydwen_assets/characters/yukong.png,yukong.png,.png,yukong,326120,characters
prydwen_assets/characters/yunli.png,yunli.png,.png,yunli,347815,characters
prydwen_assets/light_cones/a_dream_scented_in_wheat.png,a_dream_scented_in_wheat.png,.png,a_dream_scented_in_wheat,215799,light_cones
prydwen_assets/light_cones/a_grounded_ascent.png,a_grounded_ascent.png,.png,a_grounded_ascent,205819,light_cones
prydwen_assets/light_cones/a_little_getawaynew.png,a_little_getawaynew.png,.png,a_little_getawaynew,226745,light_cones
prydwen_assets/light_cones/a_secret_vow.png,a_secret_vow.png,.png,a_secret_vow,193064,light_cones
prydwen_assets/light_cones/a_star_that_lights_the_night.png,a_star_that_lights_the_night.png,.png,a_star_that_lights_the_night,231280,light_cones
prydwen_assets/light_cones/a_thankless_coronation.png,a_thankless_coronation.png,.png,a_thankless_coronation,200756,light_cones
prydwen_assets/light_cones/a_trail_of_bygone_blood.png,a_trail_of_bygone_blood.png,.png,a_trail_of_bygone_blood,216648,light_cones
prydwen_assets/light_cones/adversarial.png,adversarial.png,.png,adversarial,210702,light_cones
prydwen_assets/light_cones/after_the_charmony_fall.png,after_the_charmony_fall.png,.png,after_the_charmony_fall,197199,light_cones
prydwen_assets/light_cones/along_the_passing_shore.png,along_the_passing_shore.png,.png,along_the_passing_shore,198258,light_cones
prydwen_assets/light_cones/amber.png,amber.png,.png,amber,216763,light_cones
prydwen_assets/light_cones/an_instant_before_a_gaze.png,an_instant_before_a_gaze.png,.png,an_instant_before_a_gaze,222154,light_cones
prydwen_assets/light_cones/arrows.png,arrows.png,.png,arrows,204640,light_cones
prydwen_assets/light_cones/baptism_of_pure_thought.png,baptism_of_pure_thought.png,.png,baptism_of_pure_thought,196042,light_cones
prydwen_assets/light_cones/before_dawn.png,before_dawn.png,.png,before_dawn,209141,light_cones
prydwen_assets/light_cones/before_the_tutorial_mission_starts.png,before_the_tutorial_mission_starts.png,.png,before_the_tutorial_mission_starts,219930,light_cones
prydwen_assets/light_cones/boundless_choreo.png,boundless_choreo.png,.png,boundless_choreo,209030,light_cones
prydwen_assets/light_cones/brighter_than_the_sun.png,brighter_than_the_sun.png,.png,brighter_than_the_sun,202998,light_cones
prydwen_assets/light_cones/but_the_battle_isn't_over.png,but_the_battle_isn't_over.png,.png,but_the_battle_isn_t_over,204206,light_cones
"prydwen_assets/light_cones/carve_the_moon,_weave_the_clouds.png","carve_the_moon,_weave_the_clouds.png",.png,carve_the_moon_weave_the_clouds,193568,light_cones
prydwen_assets/light_cones/chorus.png,chorus.png,.png,chorus,206678,light_cones
prydwen_assets/light_cones/collapsing_sky.png,collapsing_sky.png,.png,collapsing_sky,204783,light_cones
prydwen_assets/light_cones/concert_for_two.png,concert_for_two.png,.png,concert_for_two,211798,light_cones
prydwen_assets/light_cones/cornucopia.png,cornucopia.png,.png,cornucopia,217663,light_cones
prydwen_assets/light_cones/cruising_in_the_stellar_sea.png,cruising_in_the_stellar_sea.png,.png,cruising_in_the_stellar_sea,203483,light_cones
prydwen_assets/light_cones/dance!_dance!_dance!.png,dance!_dance!_dance!.png,.png,dance_dance_dance,220323,light_cones
prydwen_assets/light_cones/dance_at_sunset.png,dance_at_sunset.png,.png,dance_at_sunset,208315,light_cones
prydwen_assets/light_cones/darting_arrow.png,darting_arrow.png,.png,darting_arrow,199317,light_cones
prydwen_assets/light_cones/data_bank.png,data_bank.png,.png,data_bank,210919,light_cones
prydwen_assets/light_cones/day_one_of_my_new_life.png,day_one_of_my_new_life.png,.png,day_one_of_my_new_life,216638,light_cones
prydwen_assets/light_cones/dazzled_by_a_flowery_world.png,dazzled_by_a_flowery_world.png,.png,dazzled_by_a_flowery_world,230857,light_cones
prydwen_assets/light_cones/defense.png,defense.png,.png,defense,210073,light_cones
prydwen_assets/light_cones/destiny's_threads_forewoven.png,destiny's_threads_forewoven.png,.png,destiny_s_threads_forewoven,196707,light_cones
prydwen_assets/light_cones/dream's_montage.png,dream's_montage.png,.png,dream_s_montage,206609,light_cones
prydwen_assets/light_cones/dreamville_adventure.png,dreamville_adventure.png,.png,dreamville_adventure,216279,light_cones
prydwen_assets/light_cones/earthly_escapade.png,earthly_escapade.png,.png,earthly_escapade,211998,light_cones
prydwen_assets/light_cones/echoes_of_the_coffin.png,echoes_of_the_coffin.png,.png,echoes_of_the_coffin,206311,light_cones
prydwen_assets/light_cones/elation_brimming_with_blessings.png,elation_brimming_with_blessings.png,.png,elation_brimming_with_blessings,188126,light_cones
prydwen_assets/light_cones/epoch_etched_in_golden_blood.png,epoch_etched_in_golden_blood.png,.png,epoch_etched_in_golden_blood,220126,light_cones
prydwen_assets/light_cones/eternal_calculus.png,eternal_calculus.png,.png,eternal_calculus,200679,light_cones
prydwen_assets/light_cones/eyes_of_the_prey.png,eyes_of_the_prey.png,.png,eyes_of_the_prey,196653,light_cones
prydwen_assets/light_cones/fermata.png,fermata.png,.png,fermata,196793,light_cones
prydwen_assets/light_cones/final_victor.png,final_victor.png,.png,final_victor,186694,light_cones
prydwen_assets/light_cones/fine_fruit.png,fine_fruit.png,.png,fine_fruit,208608,light_cones
"prydwen_assets/light_cones/flame_of_blood,_blaze_my_path.png","flame_of_blood,_blaze_my_path.png",.png,flame_of_blood_blaze_my_path,222302,light_cones
prydwen_assets/light_cones/flames_afar.png,flames_afar.png,.png,flames_afar,226014,light_cones
prydwen_assets/light_cones/flickering_stars.png,flickering_stars.png,.png,flickering_stars,217687,light_cones
prydwen_assets/light_cones/flowing_nightglow.png,flowing_nightglow.png,.png,flowing_nightglow,219288,light_cones
prydwen_assets/light_cones/fly_into_a_pink_tomorrow.png,fly_into_a_pink_tomorrow.png,.png,fly_into_a_pink_tomorrow,206331,light_cones
prydwen_assets/light_cones/for_tomorrow's_journey.png,for_tomorrow's_journey.png,.png,for_tomorrow_s_journey,208886,light_cones
prydwen_assets/light_cones/geniuses'_greetings.png,geniuses'_greetings.png,.png,geniuses_greetings,210860,light_cones
prydwen_assets/light_cones/geniuses'_repose.png,geniuses'_repose.png,.png,geniuses_repose,221840,light_cones
prydwen_assets/light_cones/good_night_and_sleep_well.png,good_night_and_sleep_well.png,.png,good_night_and_sleep_well,195052,light_cones
"prydwen_assets/light_cones/hey,_over_here.png","hey,_over_here.png",.png,hey_over_here,219063,light_cones
prydwen_assets/light_cones/hidden_shadow.png,hidden_shadow.png,.png,hidden_shadow,222504,light_cones
prydwen_assets/light_cones/holiday_thermae_escapade.png,holiday_thermae_escapade.png,.png,holiday_thermae_escapade,218903,light_cones
prydwen_assets/light_cones/i_am_as_you_behold.png,i_am_as_you_behold.png,.png,i_am_as_you_behold,194495,light_cones
prydwen_assets/light_cones/i_shall_be_my_own_sword.png,i_shall_be_my_own_sword.png,.png,i_shall_be_my_own_sword,214481,light_cones
prydwen_assets/light_cones/i_venture_forth_to_hunt.png,i_venture_forth_to_hunt.png,.png,i_venture_forth_to_hunt,214965,light_cones
prydwen_assets/light_cones/if_time_were_a_flower.png,if_time_were_a_flower.png,.png,if_time_were_a_flower,216830,light_cones
prydwen_assets/light_cones/in_pursuit_of_the_wind.png,in_pursuit_of_the_wind.png,.png,in_pursuit_of_the_wind,215452,light_cones
prydwen_assets/light_cones/in_the_name_of_the_world.png,in_the_name_of_the_world.png,.png,in_the_name_of_the_world,220859,light_cones
prydwen_assets/light_cones/in_the_night.png,in_the_night.png,.png,in_the_night,213911,light_cones
prydwen_assets/light_cones/incessant_rain.png,incessant_rain.png,.png,incessant_rain,205210,light_cones
prydwen_assets/light_cones/indelible_promise.png,indelible_promise.png,.png,indelible_promise,196301,light_cones
prydwen_assets/light_cones/inherently_unjust_destiny.png,inherently_unjust_destiny.png,.png,inherently_unjust_destiny,220260,light_cones
prydwen_assets/light_cones/into_the_unreachable_veil.png,into_the_unreachable_veil.png,.png,into_the_unreachable_veil,208290,light_cones
prydwen_assets/light_cones/it's_showtime.png,it's_showtime.png,.png,it_s_showtime,223588,light_cones
"prydwen_assets/light_cones/journey,_forever_peaceful.png","journey,_forever_peaceful.png",.png,journey_forever_peaceful,214648,light_cones
prydwen_assets/light_cones/landau's_choice.png,landau's_choice.png,.png,landau_s_choice,194878,light_cones
prydwen_assets/light_cones/lies_dance_on_the_breeze.png,lies_dance_on_the_breeze.png,.png,lies_dance_on_the_breeze,222117,light_cones
prydwen_assets/light_cones/life_should_be_cast_to_flames.png,life_should_be_cast_to_flames.png,.png,life_should_be_cast_to_flames,215319,light_cones
prydwen_assets/light_cones/lingering_tear.png,lingering_tear.png,.png,lingering_tear,191241,light_cones
prydwen_assets/light_cones/long_may_rainbows_adorn_the_sky.png,long_may_rainbows_adorn_the_sky.png,.png,long_may_rainbows_adorn_the_sky,220061,light_cones
prydwen_assets/light_cones/long_road_leads_home.png,long_road_leads_home.png,.png,long_road_leads_home,224309,light_cones
prydwen_assets/light_cones/loop.png,loop.png,.png,loop,184517,light_cones
prydwen_assets/light_cones/make_farewells_more_beautiful.png,make_farewells_more_beautiful.png,.png,make_farewells_more_beautiful,221021,light_cones
prydwen_assets/light_cones/make_the_world_clamor.png,make_the_world_clamor.png,.png,make_the_world_clamor,226333,light_cones
prydwen_assets/light_cones/mediation.png,mediation.png,.png,mediation,224558,light_cones
prydwen_assets/light_cones/memories_of_the_past.png,memories_of_the_past.png,.png,memories_of_the_past,199847,light_cones
prydwen_assets/light_cones/memory's_curtain_never_falls.png,memory's_curtain_never_falls.png,.png,memory_s_curtain_never_falls,205093,light_cones
prydwen_assets/light_cones/meshing_cogs.png,meshing_cogs.png,.png,meshing_cogs,213226,light_cones
prydwen_assets/light_cones/moment_of_victory.png,moment_of_victory.png,.png,moment_of_victory,217316,light_cones
prydwen_assets/light_cones/multiplication.png,multiplication.png,.png,multiplication,208122,light_cones
prydwen_assets/light_cones/mushy_shroomy's_adventures.png,mushy_shroomy's_adventures.png,.png,mushy_shroomy_s_adventures,216399,light_cones
prydwen_assets/light_cones/mutual_demise.png,mutual_demise.png,.png,mutual_demise,213981,light_cones
prydwen_assets/light_cones/never_forget_her_flame.png,never_forget_her_flame.png,.png,never_forget_her_flame,221396,light_cones
prydwen_assets/light_cones/night_of_fright.png,night_of_fright.png,.png,night_of_fright,212305,light_cones
prydwen_assets/light_cones/night_on_the_milky_way.png,night_on_the_milky_way.png,.png,night_on_the_milky_way,206467,light_cones
prydwen_assets/light_cones/ninja_record_sound_hunt.png,ninja_record_sound_hunt.png,.png,ninja_record_sound_hunt,241553,light_cones
prydwen_assets/light_cones/ninjutsu_inscription_dazzling_evilbreaker.png,ninjutsu_inscription_dazzling_evilbreaker.png,.png,ninjutsu_inscription_dazzling_evilbreaker,230212,light_cones
prydwen_assets/light_cones/nowhere_to_run.png,nowhere_to_run.png,.png,nowhere_to_run,208655,light_cones
prydwen_assets/light_cones/on_the_fall_of_an_aeon.png,on_the_fall_of_an_aeon.png,.png,on_the_fall_of_an_aeon,198496,light_cones
prydwen_assets/light_cones/only_silence_remains.png,only_silence_remains.png,.png,only_silence_remains,187477,light_cones
prydwen_assets/light_cones/passkey.png,passkey.png,.png,passkey,191515,light_cones
prydwen_assets/light_cones/past_and_future.png,past_and_future.png,.png,past_and_future,210084,light_cones
prydwen_assets/light_cones/past_self_in_mirror.png,past_self_in_mirror.png,.png,past_self_in_mirror,209647,light_cones
prydwen_assets/light_cones/patience_is_all_you_need.png,patience_is_all_you_need.png,.png,patience_is_all_you_need,192274,light_cones
prydwen_assets/light_cones/perfect_timing.png,perfect_timing.png,.png,perfect_timing,215148,light_cones
prydwen_assets/light_cones/pioneering.png,pioneering.png,.png,pioneering,200849,light_cones
prydwen_assets/light_cones/planetary_rendezvous.png,planetary_rendezvous.png,.png,planetary_rendezvous,191331,light_cones
prydwen_assets/light_cones/poised_to_bloom.png,poised_to_bloom.png,.png,poised_to_bloom,219729,light_cones
prydwen_assets/light_cones/post-op_conversation.png,post-op_conversation.png,.png,post_op_conversation,201018,light_cones
prydwen_assets/light_cones/quid_pro_quo.png,quid_pro_quo.png,.png,quid_pro_quo,208338,light_cones
prydwen_assets/light_cones/race_to_the_horizonnew.png,race_to_the_horizonnew.png,.png,race_to_the_horizonnew,228633,light_cones
prydwen_assets/light_cones/reforged_in_hellfirenew.png,reforged_in_hellfirenew.png,.png,reforged_in_hellfirenew,222065,light_cones
prydwen_assets/light_cones/reforged_remembrance.png,reforged_remembrance.png,.png,reforged_remembrance,213822,light_cones
prydwen_assets/light_cones/reminiscence.png,reminiscence.png,.png,reminiscence,189396,light_cones
prydwen_assets/light_cones/resolution_shines_as_pearls_of_sweat.png,resolution_shines_as_pearls_of_sweat.png,.png,resolution_shines_as_pearls_of_sweat,192878,light_cones
prydwen_assets/light_cones/return_to_darkness.png,return_to_darkness.png,.png,return_to_darkness,202449,light_cones
prydwen_assets/light_cones/rise_and_singnew.png,rise_and_singnew.png,.png,rise_and_singnew,222155,light_cones
prydwen_assets/light_cones/river_flows_in_spring.png,river_flows_in_spring.png,.png,river_flows_in_spring,219886,light_cones
prydwen_assets/light_cones/sagacity.png,sagacity.png,.png,sagacity,215384,light_cones
prydwen_assets/light_cones/sailing_towards_a_second_life.png,sailing_towards_a_second_life.png,.png,sailing_towards_a_second_life,195709,light_cones
prydwen_assets/light_cones/scent_alone_stays_true.png,scent_alone_stays_true.png,.png,scent_alone_stays_true,206793,light_cones
prydwen_assets/light_cones/see_you_at_the_end.png,see_you_at_the_end.png,.png,see_you_at_the_end,220186,light_cones
prydwen_assets/light_cones/shadowburn.png,shadowburn.png,.png,shadowburn,196454,light_cones
prydwen_assets/light_cones/shadowed_by_night.png,shadowed_by_night.png,.png,shadowed_by_night,196274,light_cones
prydwen_assets/light_cones/shared_feeling.png,shared_feeling.png,.png,shared_feeling,204411,light_cones
prydwen_assets/light_cones/shattered_home.png,shattered_home.png,.png,shattered_home,226178,light_cones
prydwen_assets/light_cones/she_already_shut_her_eyes.png,she_already_shut_her_eyes.png,.png,she_already_shut_her_eyes,214238,light_cones
prydwen_assets/light_cones/sleep_like_the_dead.png,sleep_like_the_dead.png,.png,sleep_like_the_dead,188890,light_cones
prydwen_assets/light_cones/sneering.png,sneering.png,.png,sneering,192403,light_cones
prydwen_assets/light_cones/solitary_healing.png,solitary_healing.png,.png,solitary_healing,180552,light_cones
prydwen_assets/light_cones/something_irreplaceable.png,something_irreplaceable.png,.png,something_irreplaceable,195330,light_cones
prydwen_assets/light_cones/subscribe_for_more!.png,subscribe_for_more!.png,.png,subscribe_for_more,213189,light_cones
prydwen_assets/light_cones/summer_rides_the_surfnew.png,summer_rides_the_surfnew.png,.png,summer_rides_the_surfnew,223258,light_cones
"prydwen_assets/light_cones/sweat_now,_cry_less.png","sweat_now,_cry_less.png",.png,sweat_now_cry_less,207739,light_cones
prydwen_assets/light_cones/swordplay.png,swordplay.png,.png,swordplay,215105,light_cones
prydwen_assets/light_cones/texture_of_memories.png,texture_of_memories.png,.png,texture_of_memories,220091,light_cones
prydwen_assets/light_cones/the_birth_of_the_self.png,the_birth_of_the_self.png,.png,the_birth_of_the_self,190885,light_cones
prydwen_assets/light_cones/the_day_the_cosmos_fell.png,the_day_the_cosmos_fell.png,.png,the_day_the_cosmos_fell,206315,light_cones
prydwen_assets/light_cones/the_finale_of_a_lie.png,the_finale_of_a_lie.png,.png,the_finale_of_a_lie,214365,light_cones
prydwen_assets/light_cones/the_flower_remembers.png,the_flower_remembers.png,.png,the_flower_remembers,226957,light_cones
prydwen_assets/light_cones/the_forever_victual.png,the_forever_victual.png,.png,the_forever_victual,223306,light_cones
prydwen_assets/light_cones/the_great_cosmic_enterprise.png,the_great_cosmic_enterprise.png,.png,the_great_cosmic_enterprise,234303,light_cones
prydwen_assets/light_cones/the_hell_where_ideals_burn.png,the_hell_where_ideals_burn.png,.png,the_hell_where_ideals_burn,215382,light_cones
prydwen_assets/light_cones/the_moles_welcome_you.png,the_moles_welcome_you.png,.png,the_moles_welcome_you,192447,light_cones
prydwen_assets/light_cones/the_seriousness_of_breakfast.png,the_seriousness_of_breakfast.png,.png,the_seriousness_of_breakfast,221419,light_cones
prydwen_assets/light_cones/the_story's_next_page.png,the_story's_next_page.png,.png,the_story_s_next_page,225097,light_cones
prydwen_assets/light_cones/the_unreachable_side.png,the_unreachable_side.png,.png,the_unreachable_side,201202,light_cones
prydwen_assets/light_cones/this_is_me!.png,this_is_me!.png,.png,this_is_me,216128,light_cones
"prydwen_assets/light_cones/this_love,_forever.png","this_love,_forever.png",.png,this_love_forever,199075,light_cones
prydwen_assets/light_cones/those_many_springs.png,those_many_springs.png,.png,those_many_springs,215995,light_cones
prydwen_assets/light_cones/though_worlds_apart.png,though_worlds_apart.png,.png,though_worlds_apart,216809,light_cones
prydwen_assets/light_cones/thus_burns_the_dawn.png,thus_burns_the_dawn.png,.png,thus_burns_the_dawn,222252,light_cones
prydwen_assets/light_cones/time_waits_for_no_one.png,time_waits_for_no_one.png,.png,time_waits_for_no_one,220342,light_cones
prydwen_assets/light_cones/time_woven_into_gold.png,time_woven_into_gold.png,.png,time_woven_into_gold,207496,light_cones
prydwen_assets/light_cones/to_evernight's_stars.png,to_evernight's_stars.png,.png,to_evernight_s_stars,203082,light_cones
prydwen_assets/light_cones/today's_good_luck.png,today's_good_luck.png,.png,today_s_good_luck,216220,light_cones
prydwen_assets/light_cones/today_is_another_peaceful_day.png,today_is_another_peaceful_day.png,.png,today_is_another_peaceful_day,211122,light_cones
"prydwen_assets/light_cones/tomorrow,_together.png","tomorrow,_together.png",.png,tomorrow_together,230657,light_cones
prydwen_assets/light_cones/trend_of_the_universal_market.png,trend_of_the_universal_market.png,.png,trend_of_the_universal_market,211792,light_cones
prydwen_assets/light_cones/under_the_blue_sky.png,under_the_blue_sky.png,.png,under_the_blue_sky,220216,light_cones
prydwen_assets/light_cones/until_the_flowers_bloom_againnew.png,until_the_flowers_bloom_againnew.png,.png,until_the_flowers_bloom_againnew,208278,light_cones
prydwen_assets/light_cones/unto_tomorrow's_morrow.png,unto_tomorrow's_morrow.png,.png,unto_tomorrow_s_morrow,228425,light_cones
prydwen_assets/light_cones/victory_in_a_blink.png,victory_in_a_blink.png,.png,victory_in_a_blink,219554,light_cones
prydwen_assets/light_cones/void.png,void.png,.png,void,184675,light_cones
prydwen_assets/light_cones/warmth_shortens_cold_nights.png,warmth_shortens_cold_nights.png,.png,warmth_shortens_cold_nights,214322,light_cones
prydwen_assets/light_cones/we_are_wildfire.png,we_are_wildfire.png,.png,we_are_wildfire,189122,light_cones
prydwen_assets/light_cones/we_will_meet_again.png,we_will_meet_again.png,.png,we_will_meet_again,227159,light_cones
prydwen_assets/light_cones/welcome_to_the_cosmic_city.png,welcome_to_the_cosmic_city.png,.png,welcome_to_the_cosmic_city,223782,light_cones
prydwen_assets/light_cones/what_is_real.png,what_is_real.png,.png,what_is_real,201404,light_cones
prydwen_assets/light_cones/when_she_decided_to_see.png,when_she_decided_to_see.png,.png,when_she_decided_to_see,221322,light_cones
prydwen_assets/light_cones/whereabouts_should_dreams_rest.png,whereabouts_should_dreams_rest.png,.png,whereabouts_should_dreams_rest,205884,light_cones
prydwen_assets/light_cones/why_does_the_ocean_sing.png,why_does_the_ocean_sing.png,.png,why_does_the_ocean_sing,219575,light_cones
prydwen_assets/light_cones/woof!_walk_time!.png,woof!_walk_time!.png,.png,woof_walk_time,199933,light_cones
"prydwen_assets/light_cones/worrisome,_blissful.png","worrisome,_blissful.png",.png,worrisome_blissful,216049,light_cones
prydwen_assets/light_cones/yet_hope_is_priceless.png,yet_hope_is_priceless.png,.png,yet_hope_is_priceless,212951,light_cones
"prydwen_assets/planars/amphoreus,_the_eternal_land.png","amphoreus,_the_eternal_land.png",.png,amphoreus_the_eternal_land,21005,planars
prydwen_assets/planars/arcadia_of_woven_dreams.png,arcadia_of_woven_dreams.png,.png,arcadia_of_woven_dreams,21464,planars
prydwen_assets/planars/belobog_of_the_architects.png,belobog_of_the_architects.png,.png,belobog_of_the_architects,21371,planars
prydwen_assets/planars/bone_collection's_serene_demesne.png,bone_collection's_serene_demesne.png,.png,bone_collection_s_serene_demesne,20706,planars
prydwen_assets/planars/broken_keel.png,broken_keel.png,.png,broken_keel,22088,planars
prydwen_assets/planars/celestial_differentiator.png,celestial_differentiator.png,.png,celestial_differentiator,23322,planars
prydwen_assets/planars/city_of_converging_stars.png,city_of_converging_stars.png,.png,city_of_converging_stars,25908,planars
prydwen_assets/planars/cosmic_life_sciences_institute.png,cosmic_life_sciences_institute.png,.png,cosmic_life_sciences_institute,11752,planars
"prydwen_assets/planars/duran,_dynasty_of_running_wolves.png","duran,_dynasty_of_running_wolves.png",.png,duran_dynasty_of_running_wolves,21685,planars
prydwen_assets/planars/fallen_star_anchorage.png,fallen_star_anchorage.png,.png,fallen_star_anchorage,11183,planars
prydwen_assets/planars/firmament_frontline_glamoth.png,firmament_frontline_glamoth.png,.png,firmament_frontline_glamoth,21470,planars
prydwen_assets/planars/fleet_of_the_ageless.png,fleet_of_the_ageless.png,.png,fleet_of_the_ageless,21958,planars
prydwen_assets/planars/forge_of_the_kalpagni_lantern.png,forge_of_the_kalpagni_lantern.png,.png,forge_of_the_kalpagni_lantern,22372,planars
prydwen_assets/planars/giant_tree_of_rapt_brooding.png,giant_tree_of_rapt_brooding.png,.png,giant_tree_of_rapt_brooding,20043,planars
prydwen_assets/planars/inert_salsotto.png,inert_salsotto.png,.png,inert_salsotto,21129,planars
prydwen_assets/planars/izumo_gensei_and_takama_divine_realm.png,izumo_gensei_and_takama_divine_realm.png,.png,izumo_gensei_and_takama_divine_realm,23525,planars
"prydwen_assets/planars/lushaka,_the_sunken_seas.png","lushaka,_the_sunken_seas.png",.png,lushaka_the_sunken_seas,22174,planars
prydwen_assets/planars/pan-cosmic_commercial_enterprise.png,pan-cosmic_commercial_enterprise.png,.png,pan_cosmic_commercial_enterprise,22076,planars
"prydwen_assets/planars/penacony,_land_of_the_dreams.png","penacony,_land_of_the_dreams.png",.png,penacony_land_of_the_dreams,19825,planars
prydwen_assets/planars/punklorde_stage_zero.png,punklorde_stage_zero.png,.png,punklorde_stage_zero,21596,planars
prydwen_assets/planars/revelry_by_the_sea.png,revelry_by_the_sea.png,.png,revelry_by_the_sea,20101,planars
prydwen_assets/planars/rutilant_arena.png,rutilant_arena.png,.png,rutilant_arena,22321,planars
"prydwen_assets/planars/sigonia,_the_unclaimed_desolation.png","sigonia,_the_unclaimed_desolation.png",.png,sigonia_the_unclaimed_desolation,17316,planars
prydwen_assets/planars/space_sealing_station.png,space_sealing_station.png,.png,space_sealing_station,25221,planars
prydwen_assets/planars/sprightly_vonwacq.png,sprightly_vonwacq.png,.png,sprightly_vonwacq,20852,planars
prydwen_assets/planars/talia_kingdom_of_banditry.png,talia_kingdom_of_banditry.png,.png,talia_kingdom_of_banditry,20059,planars
prydwen_assets/planars/tengoku@livestream.png,tengoku@livestream.png,.png,tengoku_livestream,22898,planars
prydwen_assets/planars/the_wondrous_bananamusement_park.png,the_wondrous_bananamusement_park.png,.png,the_wondrous_bananamusement_park,22695,planars
prydwen_assets/relics/as_navigator_isee_sees_it.png,as_navigator_isee_sees_it.png,.png,as_navigator_isee_sees_it,8300,relics
prydwen_assets/relics/band_of_sizzling_thunder.png,band_of_sizzling_thunder.png,.png,band_of_sizzling_thunder,13486,relics
prydwen_assets/relics/champion_of_streetwise_boxing.png,champion_of_streetwise_boxing.png,.png,champion_of_streetwise_boxing,16627,relics
prydwen_assets/relics/divine-querying_master_smith.png,divine-querying_master_smith.png,.png,divine_querying_master_smith,8777,relics
prydwen_assets/relics/diviner_of_distant_reach.png,diviner_of_distant_reach.png,.png,diviner_of_distant_reach,20282,relics
prydwen_assets/relics/eagle_of_twilight_line.png,eagle_of_twilight_line.png,.png,eagle_of_twilight_line,21887,relics
prydwen_assets/relics/ever-glorious_magical_girl.png,ever-glorious_magical_girl.png,.png,ever_glorious_magical_girl,20755,relics
prydwen_assets/relics/firesmith_of_lava-forging.png,firesmith_of_lava-forging.png,.png,firesmith_of_lava_forging,22228,relics
prydwen_assets/relics/genius_of_brilliant_stars.png,genius_of_brilliant_stars.png,.png,genius_of_brilliant_stars,16771,relics
prydwen_assets/relics/guard_of_wuthering_snow.png,guard_of_wuthering_snow.png,.png,guard_of_wuthering_snow,19885,relics
prydwen_assets/relics/hero_of_triumphant_song.png,hero_of_triumphant_song.png,.png,hero_of_triumphant_song,24430,relics
prydwen_assets/relics/hunter_of_glacial_forest.png,hunter_of_glacial_forest.png,.png,hunter_of_glacial_forest,20924,relics
prydwen_assets/relics/iron_cavalry_against_the_scourge.png,iron_cavalry_against_the_scourge.png,.png,iron_cavalry_against_the_scourge,20336,relics
prydwen_assets/relics/knight_of_purity_palace.png,knight_of_purity_palace.png,.png,knight_of_purity_palace,20243,relics
prydwen_assets/relics/longevous_disciple.png,longevous_disciple.png,.png,longevous_disciple,18352,relics
prydwen_assets/relics/messenger_traversing_hackerspace.png,messenger_traversing_hackerspace.png,.png,messenger_traversing_hackerspace,18147,relics
prydwen_assets/relics/musketeer_of_wild_wheat.png,musketeer_of_wild_wheat.png,.png,musketeer_of_wild_wheat,16009,relics
prydwen_assets/relics/passerby_of_wandering_cloud.png,passerby_of_wandering_cloud.png,.png,passerby_of_wandering_cloud,15072,relics
prydwen_assets/relics/pioneer_diver_of_dead_waters.png,pioneer_diver_of_dead_waters.png,.png,pioneer_diver_of_dead_waters,21429,relics
prydwen_assets/relics/poet_of_mourning_collapse.png,poet_of_mourning_collapse.png,.png,poet_of_mourning_collapse,19291,relics
prydwen_assets/relics/prisoner_in_deep_confinement.png,prisoner_in_deep_confinement.png,.png,prisoner_in_deep_confinement,18821,relics
prydwen_assets/relics/sacerdos'_relived_ordeal.png,sacerdos'_relived_ordeal.png,.png,sacerdos_relived_ordeal,20947,relics
prydwen_assets/relics/scholar_lost_in_erudition.png,scholar_lost_in_erudition.png,.png,scholar_lost_in_erudition,19122,relics
prydwen_assets/relics/self-enshrouded_recluse.png,self-enshrouded_recluse.png,.png,self_enshrouded_recluse,12634,relics
prydwen_assets/relics/the_ashblazing_grand_duke.png,the_ashblazing_grand_duke.png,.png,the_ashblazing_grand_duke,19224,relics
prydwen_assets/relics/the_wind-soaring_valorous.png,the_wind-soaring_valorous.png,.png,the_wind_soaring_valorous,23991,relics
prydwen_assets/relics/thief_of_shooting_meteor.png,thief_of_shooting_meteor.png,.png,thief_of_shooting_meteor,16620,relics
prydwen_assets/relics/warrior_goddess_of_sun_and_thunder.png,warrior_goddess_of_sun_and_thunder.png,.png,warrior_goddess_of_sun_and_thunder,17522,relics
prydwen_assets/relics/wastelander_of_banditry_desert.png,wastelander_of_banditry_desert.png,.png,wastelander_of_banditry_desert,19309,relics
"prydwen_assets/relics/watchmaker,_master_of_dream_machinations.png","watchmaker,_master_of_dream_machinations.png",.png,watchmaker_master_of_dream_machinations,16903,relics
prydwen_assets/relics/wavestrider_captain.png,wavestrider_captain.png,.png,wavestrider_captain,15865,relics
prydwen_assets/relics/world-remaking_deliverer.png,world-remaking_deliverer.png,.png,world_remaking_deliverer,21548,relics
